canonical_mode,emission_subtype,fuel_type,vehicle_size,factor_value,normalized_unit,source_factor_value,source_unit,source_category,source_activity,source_year,source_name,ghg_boundary,is_fallback,source_row_identifier
car,diesel_small,diesel,small,143.27,gCO2e/vehicle.km,0.14327,kg CO2e/km,Passenger vehicles | Cars (by size) | Small car,Diesel,2026,UK Government GHG Conversion Factors for Company Reporting,operational,False,4_301_3045_4_1
car,petrol_small,petrol,small,142.57,gCO2e/vehicle.km,0.14257,kg CO2e/km,Passenger vehicles | Cars (by size) | Small car,Petrol,2026,UK Government GHG Conversion Factors for Company Reporting,operational,False,4_301_3046_4_1
car,hybrid_small,hybrid,small,113.8,gCO2e/vehicle.km,0.1138,kg CO2e/km,Passenger vehicles | Cars (by size) | Small car,Hybrid,2026,UK Government GHG Conversion Factors for Company Reporting,operational,False,4_301_3047_4_1
car,unknown_small,unknown,small,142.82,gCO2e/vehicle.km,0.14282,kg CO2e/km,Passenger vehicles | Cars (by size) | Small car,Unknown,2026,UK Government GHG Conversion Factors for Company Reporting,operational,False,4_301_3050_4_1
car,plug_in_hybrid_small,plug_in_hybrid,small,30.020000000000003,gCO2e/vehicle.km,0.03002,kg CO2e/km,Passenger vehicles | Cars (by size) | Small car,Plug-in Hybrid Electric Vehicle,2026,UK Government GHG Conversion Factors for Company Reporting,operational,False,4_301_3051_4_1
car,battery_electric_small,battery_electric,small,0.0,gCO2e/vehicle.km,0.0,kg CO2e/km,Passenger vehicles | Cars (by size) | Small car,Battery Electric Vehicle,2026,UK Government GHG Conversion Factors for Company Reporting,operational,False,4_301_3052_4_1
car,diesel_medium,diesel,medium,172.09,gCO2e/vehicle.km,0.17209,kg CO2e/km,Passenger vehicles | Cars (by size) | Medium car,Diesel,2026,UK Government GHG Conversion Factors for Company Reporting,operational,False,4_301_3053_4_1
car,petrol_medium,petrol,medium,174.10999999999999,gCO2e/vehicle.km,0.17411,kg CO2e/km,Passenger vehicles | Cars (by size) | Medium car,Petrol,2026,UK Government GHG Conversion Factors for Company Reporting,operational,False,4_301_3054_4_1
car,hybrid_medium,hybrid,medium,116.78,gCO2e/vehicle.km,0.11678,kg CO2e/km,Passenger vehicles | Cars (by size) | Medium car,Hybrid,2026,UK Government GHG Conversion Factors for Company Reporting,operational,False,4_301_3055_4_1
car,cng_medium,cng,medium,154.07000000000002,gCO2e/vehicle.km,0.15407,kg CO2e/km,Passenger vehicles | Cars (by size) | Medium car,CNG,2026,UK Government GHG Conversion Factors for Company Reporting,operational,False,4_301_3056_4_1
car,lpg_medium,lpg,medium,173.78,gCO2e/vehicle.km,0.17378,kg CO2e/km,Passenger vehicles | Cars (by size) | Medium car,LPG,2026,UK Government GHG Conversion Factors for Company Reporting,operational,False,4_301_3057_4_1
car,unknown_medium,unknown,medium,173.22,gCO2e/vehicle.km,0.17322,kg CO2e/km,Passenger vehicles | Cars (by size) | Medium car,Unknown,2026,UK Government GHG Conversion Factors for Company Reporting,operational,False,4_301_3058_4_1
car,plug_in_hybrid_medium,plug_in_hybrid,medium,73.49,gCO2e/vehicle.km,0.07349,kg CO2e/km,Passenger vehicles | Cars (by size) | Medium car,Plug-in Hybrid Electric Vehicle,2026,UK Government GHG Conversion Factors for Company Reporting,operational,False,4_301_3059_4_1
car,battery_electric_medium,battery_electric,medium,0.0,gCO2e/vehicle.km,0.0,kg CO2e/km,Passenger vehicles | Cars (by size) | Medium car,Battery Electric Vehicle,2026,UK Government GHG Conversion Factors for Company Reporting,operational,False,4_301_3060_4_1
car,diesel_large,diesel,large,209.05,gCO2e/vehicle.km,0.20905,kg CO2e/km,Passenger vehicles | Cars (by size) | Large car,Diesel,2026,UK Government GHG Conversion Factors for Company Reporting,operational,False,4_301_3061_4_1
car,petrol_large,petrol,large,266.06,gCO2e/vehicle.km,0.26606,kg CO2e/km,Passenger vehicles | Cars (by size) | Large car,Petrol,2026,UK Government GHG Conversion Factors for Company Reporting,operational,False,4_301_3062_4_1
car,hybrid_large,hybrid,large,158.45999999999998,gCO2e/vehicle.km,0.15846,kg CO2e/km,Passenger vehicles | Cars (by size) | Large car,Hybrid,2026,UK Government GHG Conversion Factors for Company Reporting,operational,False,4_301_3063_4_1
car,cng_large,cng,large,234.63,gCO2e/vehicle.km,0.23463,kg CO2e/km,Passenger vehicles | Cars (by size) | Large car,CNG,2026,UK Government GHG Conversion Factors for Company Reporting,operational,False,4_301_3064_4_1
car,lpg_large,lpg,large,265.69,gCO2e/vehicle.km,0.26569,kg CO2e/km,Passenger vehicles | Cars (by size) | Large car,LPG,2026,UK Government GHG Conversion Factors for Company Reporting,operational,False,4_301_3065_4_1
car,unknown_large,unknown,large,227.70000000000002,gCO2e/vehicle.km,0.2277,kg CO2e/km,Passenger vehicles | Cars (by size) | Large car,Unknown,2026,UK Government GHG Conversion Factors for Company Reporting,operational,False,4_301_3066_4_1
car,plug_in_hybrid_large,plug_in_hybrid,large,98.41999999999999,gCO2e/vehicle.km,0.09842,kg CO2e/km,Passenger vehicles | Cars (by size) | Large car,Plug-in Hybrid Electric Vehicle,2026,UK Government GHG Conversion Factors for Company Reporting,operational,False,4_301_3067_4_1
car,battery_electric_large,battery_electric,large,0.0,gCO2e/vehicle.km,0.0,kg CO2e/km,Passenger vehicles | Cars (by size) | Large car,Battery Electric Vehicle,2026,UK Government GHG Conversion Factors for Company Reporting,operational,False,4_301_3068_4_1
car,diesel_average,diesel,average,172.65,gCO2e/vehicle.km,0.17265,kg CO2e/km,Passenger vehicles | Cars (by size) | Average car,Diesel,2026,UK Government GHG Conversion Factors for Company Reporting,operational,False,4_301_3069_4_1
car,petrol_average,petrol,average,161.52,gCO2e/vehicle.km,0.16152,kg CO2e/km,Passenger vehicles | Cars (by size) | Average car,Petrol,2026,UK Government GHG Conversion Factors for Company Reporting,operational,False,4_301_3070_4_1
car,hybrid_average,hybrid,average,129.61,gCO2e/vehicle.km,0.12961,kg CO2e/km,Passenger vehicles | Cars (by size) | Average car,Hybrid,2026,UK Government GHG Conversion Factors for Company Reporting,operational,False,4_301_3071_4_1
car,cng_average,cng,average,173.14,gCO2e/vehicle.km,0.17314,kg CO2e/km,Passenger vehicles | Cars (by size) | Average car,CNG,2026,UK Government GHG Conversion Factors for Company Reporting,operational,False,4_301_3072_4_1
car,lpg_average,lpg,average,195.53,gCO2e/vehicle.km,0.19553,kg CO2e/km,Passenger vehicles | Cars (by size) | Average car,LPG,2026,UK Government GHG Conversion Factors for Company Reporting,operational,False,4_301_3073_4_1
car,unknown_average,unknown,average,165.91,gCO2e/vehicle.km,0.16591,kg CO2e/km,Passenger vehicles | Cars (by size) | Average car,Unknown,2026,UK Government GHG Conversion Factors for Company Reporting,operational,False,4_301_3074_4_1
car,plug_in_hybrid_average,plug_in_hybrid,average,89.59,gCO2e/vehicle.km,0.08959,kg CO2e/km,Passenger vehicles | Cars (by size) | Average car,Plug-in Hybrid Electric Vehicle,2026,UK Government GHG Conversion Factors for Company Reporting,operational,False,4_301_3075_4_1
car,battery_electric_average,battery_electric,average,0.0,gCO2e/vehicle.km,0.0,kg CO2e/km,Passenger vehicles | Cars (by size) | Average car,Battery Electric Vehicle,2026,UK Government GHG Conversion Factors for Company Reporting,operational,False,4_301_3076_4_1
bus,local_bus,,,125.52,gCO2e/passenger.km,0.12552,kg CO2e/passenger.km,Business travel- land | Bus | Local bus (not London),,2026,UK Government GHG Conversion Factors for Company Reporting,operational,False,25_314_3143_11_1
bus,london_bus,,,63.6,gCO2e/passenger.km,0.0636,kg CO2e/passenger.km,Business travel- land | Bus | Local London bus,,2026,UK Government GHG Conversion Factors for Company Reporting,operational,False,25_314_3144_11_1
bus,average_local_bus,,,101.51,gCO2e/passenger.km,0.10151,kg CO2e/passenger.km,Business travel- land | Bus | Average local bus,,2026,UK Government GHG Conversion Factors for Company Reporting,operational,False,25_314_3145_11_1
bus,coach,,,39.480000000000004,gCO2e/passenger.km,0.03948,kg CO2e/passenger.km,Business travel- land | Bus | Coach,,2026,UK Government GHG Conversion Factors for Company Reporting,operational,False,25_314_3146_11_1
rail,national_rail,,,30.919999999999998,gCO2e/passenger.km,0.03092,kg CO2e/passenger.km,Business travel- land | Rail | National rail,,2026,UK Government GHG Conversion Factors for Company Reporting,operational,False,25_315_3147_11_1
rail,international_rail,,,11.350000000000001,gCO2e/passenger.km,0.01135,kg CO2e/passenger.km,Business travel- land | Rail | International rail,,2026,UK Government GHG Conversion Factors for Company Reporting,operational,False,25_315_3148_11_1
rail,light_rail,,,21.21,gCO2e/passenger.km,0.02121,kg CO2e/passenger.km,Business travel- land | Rail | Light rail and tram,,2026,UK Government GHG Conversion Factors for Company Reporting,operational,False,25_315_3149_11_1
rail,underground,,,15.49,gCO2e/passenger.km,0.01549,kg CO2e/passenger.km,Business travel- land | Rail | London Underground,,2026,UK Government GHG Conversion Factors for Company Reporting,operational,False,25_315_3150_11_1
walk,conventional_walk,,,0.0,gCO2e/person.km,0.0,gCO2e/person.km,Canopy POC policy,,2026,Canopy POC policy,operational,False,canopy-policy-walk-zero
bike,conventional_bicycle,,,0.0,gCO2e/person.km,0.0,gCO2e/person.km,Canopy POC policy,,2026,Canopy POC policy,operational,False,canopy-policy-bike-zero
