schema_version,trip_id,device_id,sequence,timestamp,latitude,longitude,horizontal_accuracy_m,altitude_m,vertical_accuracy_m,speed_mps,course_deg
1.0,trip-ydp-gwanghwamun-001,iphone-test-001,0,2026-08-28T23:00:00Z,37.5248277,126.9109164,8.4,13.1,20.9,0.42,-1.0
1.0,trip-ydp-gwanghwamun-001,iphone-test-001,1,2026-08-28T23:00:05Z,37.5247878,126.9109662,11.6,21.0,21.5,0.57,135.4
1.0,trip-ydp-gwanghwamun-001,iphone-test-001,2,2026-08-28T23:00:10Z,37.5247644,126.9110103,6.8,9.0,10.9,0.42,123.7
1.0,trip-ydp-gwanghwamun-001,iphone-test-001,3,2026-08-28T23:00:15Z,37.5247323,126.9110889,4.8,22.2,15.5,1.03,117.3
1.0,trip-ydp-gwanghwamun-001,iphone-test-001,4,2026-08-28T23:00:20Z,37.524706,126.911153,10.6,18.2,10.4,1.56,117.4
1.0,trip-ydp-gwanghwamun-001,iphone-test-001,5,2026-08-28T23:00:25Z,37.5246718,126.9112161,11.3,23.1,17.9,0.98,124.3
1.0,trip-ydp-gwanghwamun-001,iphone-test-001,6,2026-08-28T23:00:30Z,37.5246373,126.9112913,10.5,11.7,8.7,1.58,120.1
1.0,trip-ydp-gwanghwamun-001,iphone-test-001,7,2026-08-28T23:00:35Z,37.5246091,126.9113586,9.9,20.4,16.9,1.48,117.8
1.0,trip-ydp-gwanghwamun-001,iphone-test-001,8,2026-08-28T23:00:40Z,37.524579,126.9114322,9.9,14.1,7.5,1.66,117.3
1.0,trip-ydp-gwanghwamun-001,iphone-test-001,9,2026-08-28T23:00:45Z,37.5245507,126.9114746,8.5,15.9,18.8,1.17,130.2
1.0,trip-ydp-gwanghwamun-001,iphone-test-001,10,2026-08-28T23:00:50Z,37.5245443,126.9115454,7.4,23.7,16.3,0.98,96.5
1.0,trip-ydp-gwanghwamun-001,iphone-test-001,11,2026-08-28T23:00:55Z,37.5245026,126.9116183,5.9,23.9,16.7,1.54,125.8
1.0,trip-ydp-gwanghwamun-001,iphone-test-001,12,2026-08-28T23:01:00Z,37.5244784,126.9116514,10.1,15.6,15.9,1.57,132.7
1.0,trip-ydp-gwanghwamun-001,iphone-test-001,13,2026-08-28T23:01:05Z,37.5244365,126.9117399,4.3,15.9,22.0,1.55,120.8
1.0,trip-ydp-gwanghwamun-001,iphone-test-001,14,2026-08-28T23:01:10Z,37.5244039,126.9117989,7.4,24.4,13.7,1.1,124.9
1.0,trip-ydp-gwanghwamun-001,iphone-test-001,15,2026-08-28T23:01:15Z,37.5243766,126.9118667,5.1,17.2,17.5,1.0,116.9
1.0,trip-ydp-gwanghwamun-001,iphone-test-001,16,2026-08-28T23:01:20Z,37.5243625,126.9119396,5.6,8.6,13.4,1.09,103.8
1.0,trip-ydp-gwanghwamun-001,iphone-test-001,17,2026-08-28T23:01:25Z,37.5243393,126.9119893,9.9,18.8,17.3,1.0,120.5
1.0,trip-ydp-gwanghwamun-001,iphone-test-001,18,2026-08-28T23:01:30Z,37.5242986,126.9120802,8.2,20.6,13.2,1.34,119.5
1.0,trip-ydp-gwanghwamun-001,iphone-test-001,19,2026-08-28T23:01:35Z,37.5242765,126.9121239,9.8,13.2,21.1,1.58,122.5
1.0,trip-ydp-gwanghwamun-001,iphone-test-001,20,2026-08-28T23:01:40Z,37.5242408,126.9121834,7.0,18.7,11.2,1.18,127.1
1.0,trip-ydp-gwanghwamun-001,iphone-test-001,21,2026-08-28T23:01:45Z,37.5241907,126.9122579,6.9,24.1,9.3,1.01,130.3
1.0,trip-ydp-gwanghwamun-001,iphone-test-001,22,2026-08-28T23:01:50Z,37.5241708,126.9123224,6.0,14.6,19.6,1.21,111.3
1.0,trip-ydp-gwanghwamun-001,iphone-test-001,23,2026-08-28T23:01:55Z,37.5241429,126.912396,7.8,21.5,12.0,1.0,115.6
1.0,trip-ydp-gwanghwamun-001,iphone-test-001,24,2026-08-28T23:02:00Z,37.5241145,126.9124262,7.7,20.7,20.6,1.06,139.8
1.0,trip-ydp-gwanghwamun-001,iphone-test-001,25,2026-08-28T23:02:05Z,37.5240857,126.9125122,6.4,15.2,18.8,1.18,112.9
1.0,trip-ydp-gwanghwamun-001,iphone-test-001,26,2026-08-28T23:02:10Z,37.5240528,126.9125721,5.0,16.7,18.5,1.23,124.7
1.0,trip-ydp-gwanghwamun-001,iphone-test-001,27,2026-08-28T23:02:15Z,37.5240248,126.9126344,4.8,22.4,7.2,1.1,119.5
1.0,trip-ydp-gwanghwamun-001,iphone-test-001,28,2026-08-28T23:02:20Z,37.5239784,126.9126747,10.5,13.7,16.7,1.25,145.4
1.0,trip-ydp-gwanghwamun-001,iphone-test-001,29,2026-08-28T23:02:25Z,37.5239441,126.9127645,7.5,11.5,21.9,0.98,115.7
1.0,trip-ydp-gwanghwamun-001,iphone-test-001,30,2026-08-28T23:02:30Z,37.52392,126.9128388,7.7,13.1,7.3,1.74,112.2
1.0,trip-ydp-gwanghwamun-001,iphone-test-001,31,2026-08-28T23:02:35Z,37.5239064,126.9128892,8.9,15.2,7.7,1.42,108.8
1.0,trip-ydp-gwanghwamun-001,iphone-test-001,32,2026-08-28T23:02:40Z,37.5238738,126.912946,4.5,11.2,19.1,1.75,125.9
1.0,trip-ydp-gwanghwamun-001,iphone-test-001,33,2026-08-28T23:02:45Z,37.5238358,126.913012,4.5,21.3,14.8,1.08,125.9
1.0,trip-ydp-gwanghwamun-001,iphone-test-001,34,2026-08-28T23:02:50Z,37.5238231,126.9130897,8.9,15.9,10.9,1.19,101.7
1.0,trip-ydp-gwanghwamun-001,iphone-test-001,35,2026-08-28T23:02:55Z,37.5237697,126.9131416,11.6,16.4,17.1,1.23,142.3
1.0,trip-ydp-gwanghwamun-001,iphone-test-001,36,2026-08-28T23:03:00Z,37.5237606,126.9132039,7.5,12.9,15.2,1.23,100.5
1.0,trip-ydp-gwanghwamun-001,iphone-test-001,37,2026-08-28T23:03:05Z,37.5237046,126.9132916,9.6,22.1,20.2,0.91,128.8
1.0,trip-ydp-gwanghwamun-001,iphone-test-001,38,2026-08-28T23:03:10Z,37.5236757,126.9133298,4.4,14.3,14.9,1.39,133.7
1.0,trip-ydp-gwanghwamun-001,iphone-test-001,39,2026-08-28T23:03:15Z,37.5236395,126.9133966,6.9,15.7,13.0,1.6,124.3
1.0,trip-ydp-gwanghwamun-001,iphone-test-001,40,2026-08-28T23:03:20Z,37.5236002,126.9134547,9.0,11.2,21.8,1.32,130.4
1.0,trip-ydp-gwanghwamun-001,iphone-test-001,41,2026-08-28T23:03:25Z,37.5235872,126.913524,4.3,24.3,15.1,0.9,103.3
1.0,trip-ydp-gwanghwamun-001,iphone-test-001,42,2026-08-28T23:03:30Z,37.5235598,126.9135821,7.7,23.8,15.1,0.82,120.7
1.0,trip-ydp-gwanghwamun-001,iphone-test-001,43,2026-08-28T23:03:35Z,37.5235305,126.9136349,5.6,21.5,20.8,0.9,125.0
1.0,trip-ydp-gwanghwamun-001,iphone-test-001,44,2026-08-28T23:03:40Z,37.523485,126.9136976,5.7,12.3,12.3,1.34,132.4
1.0,trip-ydp-gwanghwamun-001,iphone-test-001,45,2026-08-28T23:03:45Z,37.5234507,126.9137636,10.6,16.2,16.3,1.41,123.2
1.0,trip-ydp-gwanghwamun-001,iphone-test-001,46,2026-08-28T23:03:50Z,37.5234185,126.9138381,9.1,14.4,7.1,1.25,118.6
1.0,trip-ydp-gwanghwamun-001,iphone-test-001,47,2026-08-28T23:03:55Z,37.5234033,126.9139023,11.6,18.6,15.2,1.06,106.6
1.0,trip-ydp-gwanghwamun-001,iphone-test-001,48,2026-08-28T23:04:00Z,37.5233582,126.9139649,6.6,10.2,14.4,0.89,132.3
1.0,trip-ydp-gwanghwamun-001,iphone-test-001,49,2026-08-28T23:04:05Z,37.5233221,126.9140163,6.2,19.2,12.9,1.48,131.5
1.0,trip-ydp-gwanghwamun-001,iphone-test-001,50,2026-08-28T23:04:10Z,37.523296,126.9140865,6.6,15.4,16.9,1.51,115.1
1.0,trip-ydp-gwanghwamun-001,iphone-test-001,51,2026-08-28T23:04:15Z,37.5232563,126.9141332,4.2,23.5,17.3,1.8,137.0
1.0,trip-ydp-gwanghwamun-001,iphone-test-001,52,2026-08-28T23:04:20Z,37.5232159,126.9142039,10.4,9.9,13.6,1.1,125.7
1.0,trip-ydp-gwanghwamun-001,iphone-test-001,53,2026-08-28T23:04:25Z,37.5232086,126.9142753,6.1,21.8,15.6,1.32,97.4
1.0,trip-ydp-gwanghwamun-001,iphone-test-001,54,2026-08-28T23:04:30Z,37.5231661,126.9143352,6.4,19.5,15.9,1.7,131.8
1.0,trip-ydp-gwanghwamun-001,iphone-test-001,55,2026-08-28T23:04:35Z,37.5231381,126.9143807,4.1,17.9,7.0,1.52,127.8
1.0,trip-ydp-gwanghwamun-001,iphone-test-001,56,2026-08-28T23:04:40Z,37.5231131,126.9144607,6.4,12.7,20.9,1.08,111.5
1.0,trip-ydp-gwanghwamun-001,iphone-test-001,57,2026-08-28T23:04:45Z,37.5230624,126.91451,10.6,18.2,7.2,1.48,142.4
1.0,trip-ydp-gwanghwamun-001,iphone-test-001,58,2026-08-28T23:04:50Z,37.5230422,126.9145663,7.2,23.0,20.6,1.29,114.4
1.0,trip-ydp-gwanghwamun-001,iphone-test-001,59,2026-08-28T23:04:55Z,37.5230233,126.914633,11.7,10.8,14.5,1.79,109.6
1.0,trip-ydp-gwanghwamun-001,iphone-test-001,60,2026-08-28T23:05:00Z,37.5229985,126.9147023,5.5,18.4,18.9,1.06,114.3
1.0,trip-ydp-gwanghwamun-001,iphone-test-001,61,2026-08-28T23:05:05Z,37.5229528,126.9147707,7.0,19.8,12.0,0.81,130.1
1.0,trip-ydp-gwanghwamun-001,iphone-test-001,62,2026-08-28T23:05:10Z,37.5229505,126.9148492,6.1,22.3,19.9,0.98,92.1
1.0,trip-ydp-gwanghwamun-001,iphone-test-001,63,2026-08-28T23:05:15Z,37.5229218,126.9148983,10.7,11.2,9.2,1.22,126.4
1.0,trip-ydp-gwanghwamun-001,iphone-test-001,64,2026-08-28T23:05:20Z,37.5229021,126.914973,6.4,13.3,14.8,0.84,108.4
1.0,trip-ydp-gwanghwamun-001,iphone-test-001,65,2026-08-28T23:05:25Z,37.5228628,126.9150604,9.3,22.7,11.3,1.26,119.6
1.0,trip-ydp-gwanghwamun-001,iphone-test-001,66,2026-08-28T23:05:30Z,37.522855,126.9151074,8.6,16.6,20.6,1.35,101.8
1.0,trip-ydp-gwanghwamun-001,iphone-test-001,67,2026-08-28T23:05:35Z,37.5228259,126.9151716,7.8,20.6,8.0,1.38,119.7
1.0,trip-ydp-gwanghwamun-001,iphone-test-001,68,2026-08-28T23:05:40Z,37.5228145,126.9152513,11.2,15.3,16.8,1.4,100.3
1.0,trip-ydp-gwanghwamun-001,iphone-test-001,69,2026-08-28T23:05:45Z,37.5227759,126.9153235,9.1,19.3,15.2,1.23,124.0
1.0,trip-ydp-gwanghwamun-001,iphone-test-001,70,2026-08-28T23:05:50Z,37.5227466,126.9153899,5.7,12.1,13.6,1.55,119.1
1.0,trip-ydp-gwanghwamun-001,iphone-test-001,71,2026-08-28T23:05:55Z,37.5227257,126.9154406,10.8,22.8,8.7,1.03,117.4
1.0,trip-ydp-gwanghwamun-001,iphone-test-001,72,2026-08-28T23:06:00Z,37.5226818,126.9155292,7.4,9.2,19.8,1.79,122.0
1.0,trip-ydp-gwanghwamun-001,iphone-test-001,73,2026-08-28T23:06:05Z,37.5226606,126.9155826,4.2,8.6,11.7,1.72,116.7
1.0,trip-ydp-gwanghwamun-001,iphone-test-001,74,2026-08-28T23:06:10Z,37.5226479,126.9156575,8.9,16.3,10.2,1.59,102.1
1.0,trip-ydp-gwanghwamun-001,iphone-test-001,75,2026-08-28T23:06:15Z,37.5226226,126.9157318,10.9,23.4,9.5,1.72,113.1
1.0,trip-ydp-gwanghwamun-001,iphone-test-001,76,2026-08-28T23:06:20Z,37.5225889,126.9157858,5.0,15.7,13.8,1.38,128.2
1.0,trip-ydp-gwanghwamun-001,iphone-test-001,77,2026-08-28T23:06:25Z,37.5225702,126.9158498,5.8,16.2,16.3,1.25,110.2
1.0,trip-ydp-gwanghwamun-001,iphone-test-001,78,2026-08-28T23:06:30Z,37.5225507,126.9159177,4.6,15.1,13.2,1.59,110.0
1.0,trip-ydp-gwanghwamun-001,iphone-test-001,79,2026-08-28T23:06:35Z,37.5225274,126.9159976,9.0,14.9,7.4,0.96,110.2
1.0,trip-ydp-gwanghwamun-001,iphone-test-001,80,2026-08-28T23:06:40Z,37.5225103,126.9160927,9.9,19.6,14.4,1.59,102.7
1.0,trip-ydp-gwanghwamun-001,iphone-test-001,81,2026-08-28T23:06:45Z,37.5224976,126.9161451,8.6,10.1,8.8,1.66,106.9
1.0,trip-ydp-gwanghwamun-001,iphone-test-001,82,2026-08-28T23:06:50Z,37.5224764,126.9162161,8.5,8.2,8.0,0.83,110.7
1.0,trip-ydp-gwanghwamun-001,iphone-test-001,83,2026-08-28T23:06:55Z,37.5224692,126.9162814,6.6,8.0,18.6,0.98,97.9
1.0,trip-ydp-gwanghwamun-001,iphone-test-001,84,2026-08-28T23:07:00Z,37.5224741,126.9163534,7.5,11.5,14.9,1.67,85.0
1.0,trip-ydp-gwanghwamun-001,iphone-test-001,85,2026-08-28T23:07:05Z,37.5224358,126.916426,9.4,9.4,15.0,1.13,123.6
1.0,trip-ydp-gwanghwamun-001,iphone-test-001,86,2026-08-28T23:07:10Z,37.5224344,126.9164936,6.4,19.0,14.8,0.81,91.5
1.0,trip-ydp-gwanghwamun-001,iphone-test-001,87,2026-08-28T23:07:15Z,37.5224216,126.9165683,6.1,18.8,15.9,0.82,102.2
1.0,trip-ydp-gwanghwamun-001,iphone-test-001,88,2026-08-28T23:07:20Z,37.5223858,126.9166438,9.2,20.7,14.2,1.4,120.9
1.0,trip-ydp-gwanghwamun-001,iphone-test-001,89,2026-08-28T23:07:25Z,37.5223955,126.9166958,10.1,11.9,21.0,1.79,76.8
1.0,trip-ydp-gwanghwamun-001,iphone-test-001,90,2026-08-28T23:07:30Z,37.5223639,126.9167792,11.1,17.8,9.9,0.83,115.5
1.0,trip-ydp-gwanghwamun-001,iphone-test-001,91,2026-08-28T23:07:35Z,37.5223641,126.9168616,5.3,22.5,7.7,1.4,89.9
1.0,trip-ydp-gwanghwamun-001,iphone-test-001,92,2026-08-28T23:07:40Z,37.5223444,126.9169238,6.8,22.8,17.4,1.31,111.8
1.0,trip-ydp-gwanghwamun-001,iphone-test-001,93,2026-08-28T23:07:45Z,37.5223313,126.9169986,9.0,24.9,17.3,0.5,102.4
1.0,trip-ydp-gwanghwamun-001,iphone-test-001,94,2026-08-28T23:07:50Z,37.5223073,126.9170889,7.1,22.1,13.9,0.28,108.5
1.0,trip-ydp-gwanghwamun-001,iphone-test-001,95,2026-08-28T23:07:55Z,37.5222971,126.917159,4.8,13.6,8.6,0.06,100.4
1.0,trip-ydp-gwanghwamun-001,iphone-test-001,96,2026-08-28T23:08:00Z,37.5222725,126.9171267,23.7,16.2,9.2,0.5,226.3
1.0,trip-ydp-gwanghwamun-001,iphone-test-001,97,2026-08-28T23:08:05Z,37.5221961,126.9174872,17.5,22.9,20.7,0.52,105.0
1.0,trip-ydp-gwanghwamun-001,iphone-test-001,98,2026-08-28T23:08:10Z,37.5220161,126.9178646,26.7,14.8,13.4,0.1,121.0
1.0,trip-ydp-gwanghwamun-001,iphone-test-001,99,2026-08-28T23:08:15Z,37.5218793,126.9182104,13.3,8.0,17.2,13.27,116.5
1.0,trip-ydp-gwanghwamun-001,iphone-test-001,100,2026-08-28T23:08:20Z,37.52174,126.9185161,44.8,17.6,10.7,5.72,119.9
1.0,trip-ydp-gwanghwamun-001,iphone-test-001,101,2026-08-28T23:08:25Z,37.5215974,126.9189129,33.3,19.4,20.5,11.93,114.4
1.0,trip-ydp-gwanghwamun-001,iphone-test-001,102,2026-08-28T23:08:30Z,37.5214545,126.919236,38.1,16.1,7.2,6.89,119.1
1.0,trip-ydp-gwanghwamun-001,iphone-test-001,103,2026-08-28T23:08:35Z,37.5213206,126.9196339,23.9,9.0,17.0,13.19,113.0
1.0,trip-ydp-gwanghwamun-001,iphone-test-001,104,2026-08-28T23:08:40Z,37.5211801,126.9199879,22.5,17.3,17.1,9.49,116.6
1.0,trip-ydp-gwanghwamun-001,iphone-test-001,105,2026-08-28T23:08:45Z,37.5210245,126.9203674,34.3,10.3,14.2,15.76,117.3
1.0,trip-ydp-gwanghwamun-001,iphone-test-001,106,2026-08-28T23:08:50Z,37.5209241,126.9206701,13.6,17.3,21.0,11.87,112.7
1.0,trip-ydp-gwanghwamun-001,iphone-test-001,107,2026-08-28T23:08:55Z,37.5207961,126.9210524,27.0,22.5,21.0,14.46,112.9
1.0,trip-ydp-gwanghwamun-001,iphone-test-001,108,2026-08-28T23:09:00Z,37.520627,126.9213649,29.0,12.9,21.4,7.42,124.3
1.0,trip-ydp-gwanghwamun-001,iphone-test-001,109,2026-08-28T23:09:05Z,37.5204744,126.9217169,34.1,21.3,8.1,11.99,118.7
1.0,trip-ydp-gwanghwamun-001,iphone-test-001,110,2026-08-28T23:09:10Z,37.5203553,126.9220705,32.4,15.2,9.2,8.33,113.0
1.0,trip-ydp-gwanghwamun-001,iphone-test-001,111,2026-08-28T23:09:15Z,37.5201957,126.9224056,34.2,19.8,18.5,7.46,121.0
1.0,trip-ydp-gwanghwamun-001,iphone-test-001,112,2026-08-28T23:09:20Z,37.5200785,126.9227484,13.9,8.4,11.3,7.7,113.3
1.0,trip-ydp-gwanghwamun-001,iphone-test-001,113,2026-08-28T23:09:25Z,37.519921,126.9231151,41.1,11.8,9.3,6.0,118.4
1.0,trip-ydp-gwanghwamun-001,iphone-test-001,114,2026-08-28T23:09:30Z,37.5197948,126.9234835,21.0,16.5,15.5,8.58,113.4
1.0,trip-ydp-gwanghwamun-001,iphone-test-001,115,2026-08-28T23:09:35Z,37.5196446,126.9238299,41.9,24.4,8.1,11.78,118.7
1.0,trip-ydp-gwanghwamun-001,iphone-test-001,116,2026-08-28T23:09:40Z,37.5195343,126.9241981,27.9,12.6,7.6,5.75,110.7
1.0,trip-ydp-gwanghwamun-001,iphone-test-001,117,2026-08-28T23:09:45Z,37.5193738,126.924564,39.2,21.1,13.6,7.71,119.0
1.0,trip-ydp-gwanghwamun-001,iphone-test-001,118,2026-08-28T23:09:50Z,37.5192706,126.9249037,32.4,13.2,10.4,11.94,111.0
1.0,trip-ydp-gwanghwamun-001,iphone-test-001,119,2026-08-28T23:09:55Z,37.5190922,126.92523,27.1,11.4,10.8,6.51,124.6
1.0,trip-ydp-gwanghwamun-001,iphone-test-001,120,2026-08-28T23:10:00Z,37.5189344,126.9256172,38.1,8.6,13.1,6.3,117.2
1.0,trip-ydp-gwanghwamun-001,iphone-test-001,121,2026-08-28T23:10:05Z,37.5188225,126.9259441,41.5,14.5,11.3,15.36,113.3
1.0,trip-ydp-gwanghwamun-001,iphone-test-001,122,2026-08-28T23:10:10Z,37.5186379,126.9263354,39.6,12.3,14.5,6.83,120.8
1.0,trip-ydp-gwanghwamun-001,iphone-test-001,123,2026-08-28T23:10:15Z,37.5185015,126.9266569,40.4,11.3,20.8,9.4,118.1
1.0,trip-ydp-gwanghwamun-001,iphone-test-001,124,2026-08-28T23:10:20Z,37.5184271,126.9270311,21.5,9.3,16.5,15.7,104.1
1.0,trip-ydp-gwanghwamun-001,iphone-test-001,125,2026-08-28T23:10:25Z,37.518268,126.9273726,22.0,10.6,21.0,13.42,120.4
1.0,trip-ydp-gwanghwamun-001,iphone-test-001,126,2026-08-28T23:10:30Z,37.5181378,126.9276838,23.4,16.6,18.8,7.05,117.8
1.0,trip-ydp-gwanghwamun-001,iphone-test-001,127,2026-08-28T23:10:35Z,37.5179849,126.9280409,15.6,15.1,7.8,9.72,118.4
1.0,trip-ydp-gwanghwamun-001,iphone-test-001,128,2026-08-28T23:10:40Z,37.517841,126.9284256,27.7,15.5,13.0,14.39,115.2
1.0,trip-ydp-gwanghwamun-001,iphone-test-001,129,2026-08-28T23:10:45Z,37.5176943,126.9287204,18.1,23.8,13.0,12.05,122.1
1.0,trip-ydp-gwanghwamun-001,iphone-test-001,130,2026-08-28T23:10:50Z,37.5175497,126.9291217,36.0,16.3,10.5,11.87,114.4
1.0,trip-ydp-gwanghwamun-001,iphone-test-001,131,2026-08-28T23:10:55Z,37.5177584,126.9289264,31.3,8.5,9.0,9.2,323.4
1.0,trip-ydp-gwanghwamun-001,iphone-test-001,132,2026-08-28T23:11:00Z,37.5180122,126.9286366,28.8,12.9,9.7,14.08,317.8
1.0,trip-ydp-gwanghwamun-001,iphone-test-001,133,2026-08-28T23:11:05Z,37.518248,126.9283897,14.4,9.0,11.6,15.43,320.3
1.0,trip-ydp-gwanghwamun-001,iphone-test-001,134,2026-08-28T23:11:10Z,37.5184987,126.9281021,36.2,10.2,21.2,13.87,317.7
1.0,trip-ydp-gwanghwamun-001,iphone-test-001,135,2026-08-28T23:11:15Z,37.5187245,126.9279415,26.8,20.6,14.5,15.45,330.6
1.0,trip-ydp-gwanghwamun-001,iphone-test-001,136,2026-08-28T23:11:20Z,37.5189296,126.9276491,29.1,20.7,17.0,11.0,311.5
1.0,trip-ydp-gwanghwamun-001,iphone-test-001,137,2026-08-28T23:11:25Z,37.5192204,126.9273867,34.7,17.2,16.7,7.44,324.4
1.0,trip-ydp-gwanghwamun-001,iphone-test-001,138,2026-08-28T23:11:30Z,37.5194354,126.9271148,14.3,15.0,14.2,11.77,314.9
1.0,trip-ydp-gwanghwamun-001,iphone-test-001,139,2026-08-28T23:11:35Z,37.519696,126.9268508,37.6,23.1,10.7,12.9,321.2
1.0,trip-ydp-gwanghwamun-001,iphone-test-001,140,2026-08-28T23:11:40Z,37.5199461,126.9266646,42.2,8.5,17.3,10.42,329.4
1.0,trip-ydp-gwanghwamun-001,iphone-test-001,141,2026-08-28T23:11:45Z,37.5201716,126.9263723,29.7,22.7,8.7,15.45,314.2
1.0,trip-ydp-gwanghwamun-001,iphone-test-001,142,2026-08-28T23:11:50Z,37.5203879,126.9261541,19.6,21.4,16.9,15.5,321.3
1.0,trip-ydp-gwanghwamun-001,iphone-test-001,143,2026-08-28T23:11:55Z,37.5206331,126.9258641,29.5,18.6,20.2,6.02,316.8
1.0,trip-ydp-gwanghwamun-001,iphone-test-001,144,2026-08-28T23:12:00Z,37.5208526,126.9256165,16.3,22.3,10.8,11.96,318.2
1.0,trip-ydp-gwanghwamun-001,iphone-test-001,145,2026-08-28T23:12:05Z,37.5211478,126.925373,37.5,15.3,17.6,15.33,326.8
1.0,trip-ydp-gwanghwamun-001,iphone-test-001,146,2026-08-28T23:12:10Z,37.5213706,126.9251006,28.5,13.1,15.0,14.66,315.9
1.0,trip-ydp-gwanghwamun-001,iphone-test-001,147,2026-08-28T23:12:15Z,37.5215733,126.9249243,34.7,22.7,7.2,5.31,325.4
1.0,trip-ydp-gwanghwamun-001,iphone-test-001,148,2026-08-28T23:12:20Z,37.521802,126.9251951,36.3,21.3,15.5,6.39,43.2
1.0,trip-ydp-gwanghwamun-001,iphone-test-001,149,2026-08-28T23:12:25Z,37.5220578,126.9255043,34.8,17.6,9.1,8.68,43.8
1.0,trip-ydp-gwanghwamun-001,iphone-test-001,150,2026-08-28T23:12:30Z,37.5222365,126.9257507,29.2,21.1,7.8,11.27,47.5
1.0,trip-ydp-gwanghwamun-001,iphone-test-001,151,2026-08-28T23:12:35Z,37.5224372,126.92611,26.7,20.9,13.2,6.27,54.8
1.0,trip-ydp-gwanghwamun-001,iphone-test-001,152,2026-08-28T23:12:40Z,37.5226575,126.9263993,33.0,19.6,8.5,8.7,46.2
1.0,trip-ydp-gwanghwamun-001,iphone-test-001,153,2026-08-28T23:12:45Z,37.5228812,126.926697,28.0,10.7,11.7,7.69,46.5
1.0,trip-ydp-gwanghwamun-001,iphone-test-001,154,2026-08-28T23:12:50Z,37.5230389,126.9269482,16.7,15.0,11.7,13.27,51.6
1.0,trip-ydp-gwanghwamun-001,iphone-test-001,155,2026-08-28T23:12:55Z,37.5232121,126.9272575,32.6,16.7,19.6,10.35,54.8
1.0,trip-ydp-gwanghwamun-001,iphone-test-001,156,2026-08-28T23:13:00Z,37.5234768,126.9275965,41.5,10.2,21.6,12.74,45.4
1.0,trip-ydp-gwanghwamun-001,iphone-test-001,157,2026-08-28T23:13:05Z,37.5236464,126.9279082,38.0,9.7,22.0,7.47,55.5
1.0,trip-ydp-gwanghwamun-001,iphone-test-001,158,2026-08-28T23:13:10Z,37.5238514,126.9281979,15.1,21.6,8.0,8.97,48.3
1.0,trip-ydp-gwanghwamun-001,iphone-test-001,159,2026-08-28T23:13:15Z,37.5240331,126.9284532,31.4,16.3,7.4,12.14,48.1
1.0,trip-ydp-gwanghwamun-001,iphone-test-001,160,2026-08-28T23:13:20Z,37.5242754,126.9287685,12.3,24.0,14.1,12.51,45.9
1.0,trip-ydp-gwanghwamun-001,iphone-test-001,161,2026-08-28T23:13:25Z,37.5244927,126.9290817,34.1,15.0,14.3,11.46,48.8
1.0,trip-ydp-gwanghwamun-001,iphone-test-001,162,2026-08-28T23:13:30Z,37.5247159,126.9293599,39.6,21.0,15.2,13.45,44.7
1.0,trip-ydp-gwanghwamun-001,iphone-test-001,163,2026-08-28T23:13:35Z,37.5248973,126.9296889,30.4,12.1,12.3,13.88,55.2
1.0,trip-ydp-gwanghwamun-001,iphone-test-001,164,2026-08-28T23:13:40Z,37.5250996,126.9299326,16.2,17.9,13.3,14.09,43.7
1.0,trip-ydp-gwanghwamun-001,iphone-test-001,165,2026-08-28T23:13:45Z,37.5252803,126.9302346,36.6,14.7,19.7,9.96,53.0
1.0,trip-ydp-gwanghwamun-001,iphone-test-001,166,2026-08-28T23:13:50Z,37.52551,126.930551,44.6,23.9,9.3,6.96,47.5
1.0,trip-ydp-gwanghwamun-001,iphone-test-001,167,2026-08-28T23:13:55Z,37.5257106,126.9308716,27.1,18.0,10.2,13.19,51.7
1.0,trip-ydp-gwanghwamun-001,iphone-test-001,168,2026-08-28T23:14:00Z,37.5259003,126.9311134,41.3,14.9,15.0,8.85,45.3
1.0,trip-ydp-gwanghwamun-001,iphone-test-001,169,2026-08-28T23:14:05Z,37.5261367,126.9314088,33.2,20.5,18.0,8.34,44.7
1.0,trip-ydp-gwanghwamun-001,iphone-test-001,170,2026-08-28T23:14:10Z,37.5263302,126.9317207,16.8,17.4,19.4,7.65,52.0
1.0,trip-ydp-gwanghwamun-001,iphone-test-001,171,2026-08-28T23:14:15Z,37.5265464,126.9320005,15.6,24.0,8.7,6.66,45.8
1.0,trip-ydp-gwanghwamun-001,iphone-test-001,172,2026-08-28T23:14:20Z,37.5267609,126.932312,25.6,21.4,11.2,10.48,49.0
1.0,trip-ydp-gwanghwamun-001,iphone-test-001,173,2026-08-28T23:14:25Z,37.5269363,126.9326167,15.1,12.6,13.5,13.77,54.0
1.0,trip-ydp-gwanghwamun-001,iphone-test-001,174,2026-08-28T23:14:30Z,37.5271555,126.9328971,18.4,21.0,16.0,11.36,45.4
1.0,trip-ydp-gwanghwamun-001,iphone-test-001,175,2026-08-28T23:14:35Z,37.5273788,126.9331529,17.9,10.8,16.0,13.66,42.2
1.0,trip-ydp-gwanghwamun-001,iphone-test-001,176,2026-08-28T23:14:40Z,37.5276232,126.933435,40.9,21.9,16.9,13.9,42.5
1.0,trip-ydp-gwanghwamun-001,iphone-test-001,177,2026-08-28T23:14:45Z,37.5278706,126.9336479,30.6,15.2,21.5,5.8,34.3
1.0,trip-ydp-gwanghwamun-001,iphone-test-001,178,2026-08-28T23:14:50Z,37.528142,126.9339104,20.5,12.3,17.7,10.93,37.5
1.0,trip-ydp-gwanghwamun-001,iphone-test-001,179,2026-08-28T23:14:55Z,37.5283569,126.9341929,30.7,22.7,8.7,10.9,46.2
1.0,trip-ydp-gwanghwamun-001,iphone-test-001,180,2026-08-28T23:15:00Z,37.5286083,126.9343916,41.8,20.2,11.7,6.09,32.1
1.0,trip-ydp-gwanghwamun-001,iphone-test-001,181,2026-08-28T23:15:05Z,37.528862,126.9346693,18.9,12.6,9.1,8.07,41.0
1.0,trip-ydp-gwanghwamun-001,iphone-test-001,182,2026-08-28T23:15:10Z,37.5290531,126.9349161,13.2,8.9,17.4,12.37,45.7
1.0,trip-ydp-gwanghwamun-001,iphone-test-001,183,2026-08-28T23:15:15Z,37.5293292,126.9351719,37.7,19.9,10.7,9.96,36.3
1.0,trip-ydp-gwanghwamun-001,iphone-test-001,184,2026-08-28T23:15:20Z,37.5295811,126.9354294,20.6,18.4,15.4,7.34,39.0
1.0,trip-ydp-gwanghwamun-001,iphone-test-001,185,2026-08-28T23:15:25Z,37.5298088,126.9356524,13.7,9.9,7.6,5.15,37.8
1.0,trip-ydp-gwanghwamun-001,iphone-test-001,186,2026-08-28T23:15:30Z,37.5300283,126.9359201,45.0,22.8,11.5,9.25,44.0
1.0,trip-ydp-gwanghwamun-001,iphone-test-001,187,2026-08-28T23:15:35Z,37.5302802,126.9361757,29.8,8.4,18.6,9.98,38.8
1.0,trip-ydp-gwanghwamun-001,iphone-test-001,188,2026-08-28T23:15:40Z,37.5305065,126.9364302,18.2,20.7,9.0,8.15,41.7
1.0,trip-ydp-gwanghwamun-001,iphone-test-001,189,2026-08-28T23:15:45Z,37.5307296,126.9367064,39.4,9.3,13.1,6.92,44.5
1.0,trip-ydp-gwanghwamun-001,iphone-test-001,190,2026-08-28T23:15:50Z,37.5310339,126.9369261,26.1,14.8,14.9,13.55,29.8
1.0,trip-ydp-gwanghwamun-001,iphone-test-001,191,2026-08-28T23:15:55Z,37.5312523,126.9371785,18.4,21.9,16.0,6.62,42.5
1.0,trip-ydp-gwanghwamun-001,iphone-test-001,192,2026-08-28T23:16:00Z,37.5315023,126.9374268,27.2,10.6,17.0,13.52,38.2
1.0,trip-ydp-gwanghwamun-001,iphone-test-001,193,2026-08-28T23:16:05Z,37.531708,126.9376399,40.7,19.7,20.7,10.28,39.4
1.0,trip-ydp-gwanghwamun-001,iphone-test-001,194,2026-08-28T23:16:10Z,37.5319982,126.9379301,42.0,14.9,16.2,6.04,38.4
1.0,trip-ydp-gwanghwamun-001,iphone-test-001,195,2026-08-28T23:16:15Z,37.5322183,126.9381461,22.7,9.2,8.6,11.1,37.9
1.0,trip-ydp-gwanghwamun-001,iphone-test-001,196,2026-08-28T23:16:20Z,37.5324448,126.9384311,13.8,17.0,7.3,15.7,44.9
1.0,trip-ydp-gwanghwamun-001,iphone-test-001,197,2026-08-28T23:16:25Z,37.5326872,126.9386754,17.5,19.3,14.2,5.42,38.6
1.0,trip-ydp-gwanghwamun-001,iphone-test-001,198,2026-08-28T23:16:30Z,37.5329409,126.9389563,39.3,8.1,7.7,15.06,41.3
1.0,trip-ydp-gwanghwamun-001,iphone-test-001,199,2026-08-28T23:16:35Z,37.5331593,126.9391837,14.8,17.1,12.5,14.7,39.5
1.0,trip-ydp-gwanghwamun-001,iphone-test-001,200,2026-08-28T23:16:40Z,37.5333924,126.939432,14.2,13.7,18.6,11.66,40.2
1.0,trip-ydp-gwanghwamun-001,iphone-test-001,201,2026-08-28T23:16:45Z,37.5336562,126.9396479,23.9,15.7,9.6,5.18,33.0
1.0,trip-ydp-gwanghwamun-001,iphone-test-001,202,2026-08-28T23:16:50Z,37.5338793,126.9399559,39.1,15.8,20.3,11.04,47.6
1.0,trip-ydp-gwanghwamun-001,iphone-test-001,203,2026-08-28T23:16:55Z,37.5341212,126.9401552,28.1,12.9,8.2,10.1,33.2
1.0,trip-ydp-gwanghwamun-001,iphone-test-001,204,2026-08-28T23:17:00Z,37.5343438,126.9404619,23.3,21.1,14.9,13.27,47.5
1.0,trip-ydp-gwanghwamun-001,iphone-test-001,205,2026-08-28T23:17:05Z,37.5346127,126.9406772,28.8,16.4,21.4,11.03,32.4
1.0,trip-ydp-gwanghwamun-001,iphone-test-001,206,2026-08-28T23:17:10Z,37.5348856,126.9409132,43.6,9.5,20.9,6.7,34.4
1.0,trip-ydp-gwanghwamun-001,iphone-test-001,207,2026-08-28T23:17:15Z,37.535118,126.9411826,32.7,8.0,21.5,7.46,42.6
1.0,trip-ydp-gwanghwamun-001,iphone-test-001,208,2026-08-28T23:17:20Z,37.5353371,126.9414187,42.9,18.8,18.6,6.43,40.5
1.0,trip-ydp-gwanghwamun-001,iphone-test-001,209,2026-08-28T23:17:25Z,37.535562,126.9416781,20.2,21.5,20.6,6.16,42.4
1.0,trip-ydp-gwanghwamun-001,iphone-test-001,210,2026-08-28T23:17:30Z,37.5358375,126.9419337,34.9,9.8,7.9,12.3,36.3
1.0,trip-ydp-gwanghwamun-001,iphone-test-001,211,2026-08-28T23:17:35Z,37.5360632,126.942214,19.4,13.8,17.2,15.76,44.6
1.0,trip-ydp-gwanghwamun-001,iphone-test-001,212,2026-08-28T23:17:40Z,37.5362896,126.9424631,36.9,8.9,11.1,8.33,41.1
1.0,trip-ydp-gwanghwamun-001,iphone-test-001,213,2026-08-28T23:17:45Z,37.5365419,126.9427056,13.7,15.2,19.0,14.62,37.3
1.0,trip-ydp-gwanghwamun-001,iphone-test-001,214,2026-08-28T23:17:50Z,37.5367802,126.9429644,35.1,11.9,16.4,8.98,40.7
1.0,trip-ydp-gwanghwamun-001,iphone-test-001,215,2026-08-28T23:17:55Z,37.5370151,126.9432018,27.8,14.0,21.1,11.42,38.7
1.0,trip-ydp-gwanghwamun-001,iphone-test-001,216,2026-08-28T23:18:00Z,37.5372369,126.9434537,27.3,22.9,12.8,15.03,42.0
1.0,trip-ydp-gwanghwamun-001,iphone-test-001,217,2026-08-28T23:18:05Z,37.537448,126.9436979,21.0,14.0,15.5,11.38,42.5
1.0,trip-ydp-gwanghwamun-001,iphone-test-001,218,2026-08-28T23:18:10Z,37.5377441,126.9439523,35.6,11.5,8.9,15.12,34.3
1.0,trip-ydp-gwanghwamun-001,iphone-test-001,219,2026-08-28T23:18:15Z,37.5379508,126.9441664,36.3,14.1,20.7,10.56,39.4
1.0,trip-ydp-gwanghwamun-001,iphone-test-001,220,2026-08-28T23:18:20Z,37.5382438,126.9444345,21.6,15.8,17.4,6.81,36.0
1.0,trip-ydp-gwanghwamun-001,iphone-test-001,221,2026-08-28T23:18:25Z,37.5384456,126.944705,35.1,12.8,13.8,12.76,46.7
1.0,trip-ydp-gwanghwamun-001,iphone-test-001,222,2026-08-28T23:18:30Z,37.5387006,126.9449384,34.1,11.4,14.7,5.47,36.0
1.0,trip-ydp-gwanghwamun-001,iphone-test-001,223,2026-08-28T23:18:35Z,37.5389405,126.9451709,16.1,18.4,12.3,5.84,37.5
1.0,trip-ydp-gwanghwamun-001,iphone-test-001,224,2026-08-28T23:18:40Z,37.5391707,126.9454671,35.3,10.8,13.5,7.17,45.6
1.0,trip-ydp-gwanghwamun-001,iphone-test-001,225,2026-08-28T23:18:45Z,37.5394175,126.9457184,27.0,13.5,15.1,5.6,38.9
1.0,trip-ydp-gwanghwamun-001,iphone-test-001,226,2026-08-28T23:18:50Z,37.5396711,126.9459945,36.1,14.2,17.5,9.78,40.8
1.0,trip-ydp-gwanghwamun-001,iphone-test-001,227,2026-08-28T23:18:55Z,37.5398906,126.9462893,35.2,16.4,11.5,13.59,46.8
1.0,trip-ydp-gwanghwamun-001,iphone-test-001,228,2026-08-28T23:19:00Z,37.5400827,126.9465378,18.7,23.6,15.1,6.46,45.7
1.0,trip-ydp-gwanghwamun-001,iphone-test-001,229,2026-08-28T23:19:05Z,37.5403222,126.946814,27.4,21.6,9.7,7.76,42.4
1.0,trip-ydp-gwanghwamun-001,iphone-test-001,230,2026-08-28T23:19:10Z,37.5404938,126.9470885,20.7,13.0,21.7,11.03,51.7
1.0,trip-ydp-gwanghwamun-001,iphone-test-001,231,2026-08-28T23:19:15Z,37.5407289,126.9473714,27.9,10.5,11.8,15.07,43.7
1.0,trip-ydp-gwanghwamun-001,iphone-test-001,232,2026-08-28T23:19:20Z,37.5409585,126.9476352,29.6,21.7,21.1,7.82,42.3
1.0,trip-ydp-gwanghwamun-001,iphone-test-001,233,2026-08-28T23:19:25Z,37.5411956,126.9479518,13.0,16.3,12.7,15.95,46.6
1.0,trip-ydp-gwanghwamun-001,iphone-test-001,234,2026-08-28T23:19:30Z,37.5413683,126.948277,19.4,12.6,15.2,8.54,56.2
1.0,trip-ydp-gwanghwamun-001,iphone-test-001,235,2026-08-28T23:19:35Z,37.5416159,126.9485229,39.9,18.3,19.2,10.55,38.2
1.0,trip-ydp-gwanghwamun-001,iphone-test-001,236,2026-08-28T23:19:40Z,37.5418083,126.9487928,36.1,15.2,8.3,7.0,48.0
1.0,trip-ydp-gwanghwamun-001,iphone-test-001,237,2026-08-28T23:19:45Z,37.5420445,126.9490799,40.2,11.0,17.6,7.5,43.9
1.0,trip-ydp-gwanghwamun-001,iphone-test-001,238,2026-08-28T23:19:50Z,37.5422622,126.9493472,26.4,24.6,19.0,15.14,44.2
1.0,trip-ydp-gwanghwamun-001,iphone-test-001,239,2026-08-28T23:19:55Z,37.5424479,126.9496174,30.1,8.2,10.7,13.0,49.1
1.0,trip-ydp-gwanghwamun-001,iphone-test-001,240,2026-08-28T23:20:00Z,37.5427121,126.9499709,32.0,19.4,11.1,7.37,46.7
1.0,trip-ydp-gwanghwamun-001,iphone-test-001,241,2026-08-28T23:20:05Z,37.5429027,126.9501622,23.7,15.9,11.6,10.62,38.5
1.0,trip-ydp-gwanghwamun-001,iphone-test-001,242,2026-08-28T23:20:10Z,37.5431177,126.9504906,31.4,9.5,18.6,14.73,50.4
1.0,trip-ydp-gwanghwamun-001,iphone-test-001,243,2026-08-28T23:20:15Z,37.54337,126.9507746,24.7,14.3,21.8,7.39,41.8
1.0,trip-ydp-gwanghwamun-001,iphone-test-001,244,2026-08-28T23:20:20Z,37.543558,126.9510967,37.8,10.3,7.1,7.71,53.6
1.0,trip-ydp-gwanghwamun-001,iphone-test-001,245,2026-08-28T23:20:25Z,37.5437781,126.9513216,12.7,24.8,18.7,8.34,39.0
1.0,trip-ydp-gwanghwamun-001,iphone-test-001,246,2026-08-28T23:20:30Z,37.5440201,126.9516405,31.7,8.8,21.4,11.87,46.3
1.0,trip-ydp-gwanghwamun-001,iphone-test-001,247,2026-08-28T23:20:35Z,37.5442937,126.9517967,33.1,24.1,7.7,5.32,24.3
1.0,trip-ydp-gwanghwamun-001,iphone-test-001,248,2026-08-28T23:20:40Z,37.544581,126.9519522,36.5,14.2,14.9,7.06,23.2
1.0,trip-ydp-gwanghwamun-001,iphone-test-001,249,2026-08-28T23:20:45Z,37.5448217,126.9520629,33.5,17.8,21.1,5.17,20.0
1.0,trip-ydp-gwanghwamun-001,iphone-test-001,250,2026-08-28T23:20:50Z,37.5451467,126.9523008,41.9,11.1,12.4,7.74,30.1
1.0,trip-ydp-gwanghwamun-001,iphone-test-001,251,2026-08-28T23:20:55Z,37.5453947,126.9524366,23.3,13.8,19.2,11.22,23.5
1.0,trip-ydp-gwanghwamun-001,iphone-test-001,252,2026-08-28T23:21:00Z,37.545715,126.9525542,13.9,15.4,20.6,10.74,16.2
1.0,trip-ydp-gwanghwamun-001,iphone-test-001,253,2026-08-28T23:21:05Z,37.5460141,126.9526936,24.7,14.2,7.1,14.06,20.3
1.0,trip-ydp-gwanghwamun-001,iphone-test-001,254,2026-08-28T23:21:10Z,37.5463056,126.9528665,27.5,21.4,13.2,9.45,25.2
1.0,trip-ydp-gwanghwamun-001,iphone-test-001,255,2026-08-28T23:21:15Z,37.5465539,126.9530586,18.9,19.4,18.5,11.42,31.5
1.0,trip-ydp-gwanghwamun-001,iphone-test-001,256,2026-08-28T23:21:20Z,37.546851,126.9531737,43.0,12.1,20.8,6.96,17.1
1.0,trip-ydp-gwanghwamun-001,iphone-test-001,257,2026-08-28T23:21:25Z,37.547176,126.9533446,25.5,24.1,15.9,6.28,22.6
1.0,trip-ydp-gwanghwamun-001,iphone-test-001,258,2026-08-28T23:21:30Z,37.54744,126.9534606,19.1,16.0,22.0,14.86,19.2
1.0,trip-ydp-gwanghwamun-001,iphone-test-001,259,2026-08-28T23:21:35Z,37.5477151,126.9536169,43.6,22.9,20.7,9.86,24.2
1.0,trip-ydp-gwanghwamun-001,iphone-test-001,260,2026-08-28T23:21:40Z,37.5479662,126.9538077,34.9,20.4,16.1,6.98,31.1
1.0,trip-ydp-gwanghwamun-001,iphone-test-001,261,2026-08-28T23:21:45Z,37.5482988,126.9539824,14.1,16.6,15.1,13.14,22.6
1.0,trip-ydp-gwanghwamun-001,iphone-test-001,262,2026-08-28T23:21:50Z,37.5485888,126.9541306,32.5,13.0,7.1,5.61,22.1
1.0,trip-ydp-gwanghwamun-001,iphone-test-001,263,2026-08-28T23:21:55Z,37.5488334,126.9542336,22.9,25.0,20.4,6.6,18.5
1.0,trip-ydp-gwanghwamun-001,iphone-test-001,264,2026-08-28T23:22:00Z,37.549151,126.9543548,19.8,10.1,14.3,10.88,16.8
1.0,trip-ydp-gwanghwamun-001,iphone-test-001,265,2026-08-28T23:22:05Z,37.5494098,126.954561,16.6,12.0,7.2,7.32,32.3
1.0,trip-ydp-gwanghwamun-001,iphone-test-001,266,2026-08-28T23:22:10Z,37.5497422,126.9547676,30.8,16.7,15.1,9.56,26.2
1.0,trip-ydp-gwanghwamun-001,iphone-test-001,267,2026-08-28T23:22:15Z,37.5500171,126.9548667,42.4,21.4,13.3,5.65,16.0
1.0,trip-ydp-gwanghwamun-001,iphone-test-001,268,2026-08-28T23:22:20Z,37.5502866,126.9549951,19.1,18.5,18.4,11.37,20.7
1.0,trip-ydp-gwanghwamun-001,iphone-test-001,269,2026-08-28T23:22:25Z,37.5506023,126.9551482,43.2,18.6,14.9,8.2,21.0
1.0,trip-ydp-gwanghwamun-001,iphone-test-001,270,2026-08-28T23:22:30Z,37.550843,126.9553418,44.4,12.7,8.4,11.11,32.5
1.0,trip-ydp-gwanghwamun-001,iphone-test-001,271,2026-08-28T23:22:35Z,37.5511978,126.9554681,31.9,16.3,14.9,10.42,15.8
1.0,trip-ydp-gwanghwamun-001,iphone-test-001,272,2026-08-28T23:22:40Z,37.55145,126.9556438,29.6,22.2,9.7,15.96,28.9
1.0,trip-ydp-gwanghwamun-001,iphone-test-001,273,2026-08-28T23:22:45Z,37.5517441,126.9558082,25.1,22.0,19.4,5.84,23.9
1.0,trip-ydp-gwanghwamun-001,iphone-test-001,274,2026-08-28T23:22:50Z,37.5520154,126.955948,43.4,23.2,18.5,9.54,22.2
1.0,trip-ydp-gwanghwamun-001,iphone-test-001,275,2026-08-28T23:22:55Z,37.5523006,126.9561022,34.9,22.4,12.6,8.01,23.2
1.0,trip-ydp-gwanghwamun-001,iphone-test-001,276,2026-08-28T23:23:00Z,37.5526153,126.9562409,12.7,24.8,18.9,5.27,19.3
1.0,trip-ydp-gwanghwamun-001,iphone-test-001,277,2026-08-28T23:23:05Z,37.552865,126.9564318,36.6,10.2,20.6,11.98,31.2
1.0,trip-ydp-gwanghwamun-001,iphone-test-001,278,2026-08-28T23:23:10Z,37.5531872,126.9565694,17.7,9.4,12.6,13.43,18.7
1.0,trip-ydp-gwanghwamun-001,iphone-test-001,279,2026-08-28T23:23:15Z,37.5534941,126.9566955,35.3,9.8,18.6,8.46,18.0
1.0,trip-ydp-gwanghwamun-001,iphone-test-001,280,2026-08-28T23:23:20Z,37.553697,126.9569578,13.8,15.4,21.1,7.08,45.7
1.0,trip-ydp-gwanghwamun-001,iphone-test-001,281,2026-08-28T23:23:25Z,37.5539267,126.9572395,20.5,18.9,11.7,11.27,44.2
1.0,trip-ydp-gwanghwamun-001,iphone-test-001,282,2026-08-28T23:23:30Z,37.5541683,126.9574913,26.7,11.3,11.3,5.43,39.6
1.0,trip-ydp-gwanghwamun-001,iphone-test-001,283,2026-08-28T23:23:35Z,37.5543811,126.9577853,34.7,19.7,12.9,10.04,47.6
1.0,trip-ydp-gwanghwamun-001,iphone-test-001,284,2026-08-28T23:23:40Z,37.5545734,126.9580495,23.4,9.5,20.2,12.71,47.5
1.0,trip-ydp-gwanghwamun-001,iphone-test-001,285,2026-08-28T23:23:45Z,37.554829,126.9583222,45.0,14.7,14.9,7.95,40.2
1.0,trip-ydp-gwanghwamun-001,iphone-test-001,286,2026-08-28T23:23:50Z,37.5550764,126.9586193,16.6,21.2,18.4,5.32,43.6
1.0,trip-ydp-gwanghwamun-001,iphone-test-001,287,2026-08-28T23:23:55Z,37.555276,126.9588765,13.3,18.6,10.3,6.73,45.6
1.0,trip-ydp-gwanghwamun-001,iphone-test-001,288,2026-08-28T23:24:00Z,37.5554955,126.9591578,18.3,18.8,14.7,14.11,45.4
1.0,trip-ydp-gwanghwamun-001,iphone-test-001,289,2026-08-28T23:24:05Z,37.5557037,126.9594218,16.0,22.4,8.8,12.15,45.2
1.0,trip-ydp-gwanghwamun-001,iphone-test-001,290,2026-08-28T23:24:10Z,37.555952,126.9596749,35.2,21.7,16.2,13.49,38.9
1.0,trip-ydp-gwanghwamun-001,iphone-test-001,291,2026-08-28T23:24:15Z,37.5561872,126.9599674,44.8,23.0,20.9,12.54,44.6
1.0,trip-ydp-gwanghwamun-001,iphone-test-001,292,2026-08-28T23:24:20Z,37.5563883,126.9602598,28.5,10.7,11.1,15.28,49.0
1.0,trip-ydp-gwanghwamun-001,iphone-test-001,293,2026-08-28T23:24:25Z,37.5566275,126.9605371,12.7,23.5,17.6,15.75,42.6
1.0,trip-ydp-gwanghwamun-001,iphone-test-001,294,2026-08-28T23:24:30Z,37.5568314,126.9608038,41.6,10.5,20.8,15.23,46.0
1.0,trip-ydp-gwanghwamun-001,iphone-test-001,295,2026-08-28T23:24:35Z,37.5570591,126.9610435,37.9,13.0,19.8,10.71,39.8
1.0,trip-ydp-gwanghwamun-001,iphone-test-001,296,2026-08-28T23:24:40Z,37.5572536,126.9613303,31.5,12.7,14.2,13.94,49.4
1.0,trip-ydp-gwanghwamun-001,iphone-test-001,297,2026-08-28T23:24:45Z,37.5574989,126.9616483,44.6,16.3,9.4,15.85,45.8
1.0,trip-ydp-gwanghwamun-001,iphone-test-001,298,2026-08-28T23:24:50Z,37.5576965,126.9618947,42.9,18.5,22.0,10.51,44.7
1.0,trip-ydp-gwanghwamun-001,iphone-test-001,299,2026-08-28T23:24:55Z,37.5579763,126.9621731,16.4,17.2,8.0,8.76,38.3
1.0,trip-ydp-gwanghwamun-001,iphone-test-001,300,2026-08-28T23:25:00Z,37.5581693,126.962463,31.5,10.6,8.5,13.21,50.0
1.0,trip-ydp-gwanghwamun-001,iphone-test-001,301,2026-08-28T23:25:05Z,37.5583727,126.9626809,27.7,11.9,12.6,7.51,40.3
1.0,trip-ydp-gwanghwamun-001,iphone-test-001,302,2026-08-28T23:25:10Z,37.5586158,126.9630116,24.1,16.6,14.1,6.4,47.1
1.0,trip-ydp-gwanghwamun-001,iphone-test-001,303,2026-08-28T23:25:15Z,37.5588343,126.9632761,33.5,20.7,16.1,13.68,43.8
1.0,trip-ydp-gwanghwamun-001,iphone-test-001,304,2026-08-28T23:25:20Z,37.5590728,126.9635508,40.1,16.3,15.0,9.86,42.4
1.0,trip-ydp-gwanghwamun-001,iphone-test-001,305,2026-08-28T23:25:25Z,37.5592766,126.9638203,36.2,18.0,18.4,9.93,46.3
1.0,trip-ydp-gwanghwamun-001,iphone-test-001,306,2026-08-28T23:25:30Z,37.5595092,126.9641114,32.2,18.2,11.1,11.95,44.8
1.0,trip-ydp-gwanghwamun-001,iphone-test-001,307,2026-08-28T23:25:35Z,37.5597663,126.9643495,36.0,20.8,19.2,11.19,36.3
1.0,trip-ydp-gwanghwamun-001,iphone-test-001,308,2026-08-28T23:25:40Z,37.5599979,126.9644743,16.6,18.0,7.3,13.22,23.1
1.0,trip-ydp-gwanghwamun-001,iphone-test-001,309,2026-08-28T23:25:45Z,37.5603586,126.9645929,32.4,17.0,22.0,14.8,14.6
1.0,trip-ydp-gwanghwamun-001,iphone-test-001,310,2026-08-28T23:25:50Z,37.5606296,126.9646743,15.8,20.6,20.0,10.59,13.4
1.0,trip-ydp-gwanghwamun-001,iphone-test-001,311,2026-08-28T23:25:55Z,37.5609031,126.9648473,29.8,22.7,13.7,8.19,26.6
1.0,trip-ydp-gwanghwamun-001,iphone-test-001,312,2026-08-28T23:26:00Z,37.5612087,126.9648919,27.9,17.4,13.4,14.26,6.6
1.0,trip-ydp-gwanghwamun-001,iphone-test-001,313,2026-08-28T23:26:05Z,37.5615119,126.9650903,26.4,19.6,12.3,5.28,27.4
1.0,trip-ydp-gwanghwamun-001,iphone-test-001,314,2026-08-28T23:26:10Z,37.5618526,126.9651374,16.8,14.0,19.1,6.93,6.2
1.0,trip-ydp-gwanghwamun-001,iphone-test-001,315,2026-08-28T23:26:15Z,37.5620995,126.9653024,24.2,24.5,17.9,11.72,27.9
1.0,trip-ydp-gwanghwamun-001,iphone-test-001,316,2026-08-28T23:26:20Z,37.5624424,126.965377,33.1,10.2,7.9,10.96,9.8
1.0,trip-ydp-gwanghwamun-001,iphone-test-001,317,2026-08-28T23:26:25Z,37.562759,126.9654783,43.1,20.7,21.9,7.05,14.2
1.0,trip-ydp-gwanghwamun-001,iphone-test-001,318,2026-08-28T23:26:30Z,37.5630365,126.9656111,39.7,15.1,13.4,13.5,20.8
1.0,trip-ydp-gwanghwamun-001,iphone-test-001,319,2026-08-28T23:26:35Z,37.5633144,126.9657192,14.4,18.3,19.8,12.08,17.1
1.0,trip-ydp-gwanghwamun-001,iphone-test-001,320,2026-08-28T23:26:40Z,37.5636237,126.9658485,40.0,19.5,11.3,9.36,18.3
1.0,trip-ydp-gwanghwamun-001,iphone-test-001,321,2026-08-28T23:26:45Z,37.5639256,126.9659434,39.6,20.0,17.0,8.37,14.0
1.0,trip-ydp-gwanghwamun-001,iphone-test-001,322,2026-08-28T23:26:50Z,37.5641794,126.9660637,22.8,13.2,19.8,10.13,20.6
1.0,trip-ydp-gwanghwamun-001,iphone-test-001,323,2026-08-28T23:26:55Z,37.5645492,126.9661698,21.4,10.8,17.3,8.62,12.8
1.0,trip-ydp-gwanghwamun-001,iphone-test-001,324,2026-08-28T23:27:00Z,37.5648092,126.9663262,12.9,18.1,19.1,11.98,25.5
1.0,trip-ydp-gwanghwamun-001,iphone-test-001,325,2026-08-28T23:27:05Z,37.5650999,126.9663767,39.4,16.7,19.4,9.5,7.8
1.0,trip-ydp-gwanghwamun-001,iphone-test-001,326,2026-08-28T23:27:10Z,37.5654347,126.9665326,41.7,20.8,14.8,10.0,20.3
1.0,trip-ydp-gwanghwamun-001,iphone-test-001,327,2026-08-28T23:27:15Z,37.5657215,126.9666373,17.8,22.9,11.7,12.29,16.1
1.0,trip-ydp-gwanghwamun-001,iphone-test-001,328,2026-08-28T23:27:20Z,37.5659208,126.9669158,14.4,19.5,16.5,11.42,47.9
1.0,trip-ydp-gwanghwamun-001,iphone-test-001,329,2026-08-28T23:27:25Z,37.566082,126.9672349,26.7,8.8,14.0,15.24,57.5
1.0,trip-ydp-gwanghwamun-001,iphone-test-001,330,2026-08-28T23:27:30Z,37.566263,126.9675168,27.4,20.1,18.5,6.32,51.0
1.0,trip-ydp-gwanghwamun-001,iphone-test-001,331,2026-08-28T23:27:35Z,37.5664462,126.9678935,40.9,8.1,13.3,12.83,58.5
1.0,trip-ydp-gwanghwamun-001,iphone-test-001,332,2026-08-28T23:27:40Z,37.5666211,126.9682596,30.6,14.4,14.3,12.38,58.9
1.0,trip-ydp-gwanghwamun-001,iphone-test-001,333,2026-08-28T23:27:45Z,37.5667908,126.9685059,37.8,12.6,14.1,15.41,49.0
1.0,trip-ydp-gwanghwamun-001,iphone-test-001,334,2026-08-28T23:27:50Z,37.5670315,126.9688266,27.3,21.6,15.3,15.36,46.6
1.0,trip-ydp-gwanghwamun-001,iphone-test-001,335,2026-08-28T23:27:55Z,37.5671904,126.9691842,16.2,20.7,19.9,5.43,60.7
1.0,trip-ydp-gwanghwamun-001,iphone-test-001,336,2026-08-28T23:28:00Z,37.5673521,126.9695396,22.0,20.3,7.0,6.41,60.1
1.0,trip-ydp-gwanghwamun-001,iphone-test-001,337,2026-08-28T23:28:05Z,37.5675858,126.9698062,36.8,13.6,16.4,5.29,42.1
1.0,trip-ydp-gwanghwamun-001,iphone-test-001,338,2026-08-28T23:28:10Z,37.5677092,126.9700977,15.2,10.4,14.9,6.78,61.9
1.0,trip-ydp-gwanghwamun-001,iphone-test-001,339,2026-08-28T23:28:15Z,37.5679072,126.9703973,34.1,15.8,7.0,7.89,50.2
1.0,trip-ydp-gwanghwamun-001,iphone-test-001,340,2026-08-28T23:28:20Z,37.5681013,126.9707633,21.4,13.0,18.0,9.17,56.2
1.0,trip-ydp-gwanghwamun-001,iphone-test-001,341,2026-08-28T23:28:25Z,37.568302,126.9711063,41.4,18.4,11.6,11.46,53.6
1.0,trip-ydp-gwanghwamun-001,iphone-test-001,342,2026-08-28T23:28:30Z,37.5684831,126.9713918,22.8,23.3,9.0,11.84,51.3
1.0,trip-ydp-gwanghwamun-001,iphone-test-001,343,2026-08-28T23:28:35Z,37.5686193,126.9716801,36.8,20.1,8.8,15.89,59.2
1.0,trip-ydp-gwanghwamun-001,iphone-test-001,344,2026-08-28T23:28:40Z,37.5688301,126.9720591,28.4,17.4,15.7,8.54,54.9
1.0,trip-ydp-gwanghwamun-001,iphone-test-001,345,2026-08-28T23:28:45Z,37.5690471,126.9723692,26.8,9.9,16.4,10.65,48.6
1.0,trip-ydp-gwanghwamun-001,iphone-test-001,346,2026-08-28T23:28:50Z,37.5691879,126.9727013,13.0,21.8,9.0,6.81,61.9
1.0,trip-ydp-gwanghwamun-001,iphone-test-001,347,2026-08-28T23:28:55Z,37.5693912,126.9730085,38.6,12.5,20.1,15.59,50.1
1.0,trip-ydp-gwanghwamun-001,iphone-test-001,348,2026-08-28T23:29:00Z,37.5695648,126.9733278,28.6,15.6,7.5,11.96,55.6
1.0,trip-ydp-gwanghwamun-001,iphone-test-001,349,2026-08-28T23:29:05Z,37.5696943,126.9736228,41.0,24.2,19.8,8.82,61.0
1.0,trip-ydp-gwanghwamun-001,iphone-test-001,350,2026-08-28T23:29:10Z,37.5699131,126.9739566,20.0,18.3,18.3,7.88,50.4
1.0,trip-ydp-gwanghwamun-001,iphone-test-001,351,2026-08-28T23:29:15Z,37.5701147,126.9742914,18.7,20.4,16.6,12.22,52.8
1.0,trip-ydp-gwanghwamun-001,iphone-test-001,352,2026-08-28T23:29:20Z,37.5702787,126.9746131,12.1,15.5,16.5,5.06,57.2
1.0,trip-ydp-gwanghwamun-001,iphone-test-001,353,2026-08-28T23:29:25Z,37.570437,126.9749394,14.4,18.6,17.5,9.42,58.5
1.0,trip-ydp-gwanghwamun-001,iphone-test-001,354,2026-08-28T23:29:30Z,37.5706652,126.975283,16.7,10.4,8.5,12.63,50.0
1.0,trip-ydp-gwanghwamun-001,iphone-test-001,355,2026-08-28T23:29:35Z,37.5708612,126.9755481,20.6,12.5,21.2,10.95,47.0
1.0,trip-ydp-gwanghwamun-001,iphone-test-001,356,2026-08-28T23:29:40Z,37.5710258,126.975872,22.5,18.8,16.2,14.05,57.3
1.0,trip-ydp-gwanghwamun-001,iphone-test-001,357,2026-08-28T23:29:45Z,37.5711801,126.9761711,40.7,10.2,11.0,0.42,57.0
1.0,trip-ydp-gwanghwamun-001,iphone-test-001,358,2026-08-28T23:29:50Z,37.5714042,126.9765504,29.5,12.9,21.7,0.41,53.3
1.0,trip-ydp-gwanghwamun-001,iphone-test-001,359,2026-08-28T23:29:55Z,37.5715811,126.9768302,29.4,16.9,19.1,0.34,51.4
1.0,trip-ydp-gwanghwamun-001,iphone-test-001,360,2026-08-28T23:30:00Z,37.5715554,126.9768449,13.4,22.9,12.4,0.51,155.6
1.0,trip-ydp-gwanghwamun-001,iphone-test-001,361,2026-08-28T23:30:05Z,37.5715861,126.9768426,11.2,9.1,19.8,0.11,356.6
1.0,trip-ydp-gwanghwamun-001,iphone-test-001,362,2026-08-28T23:30:10Z,37.571644,126.976871,10.7,12.7,9.8,0.16,21.2
1.0,trip-ydp-gwanghwamun-001,iphone-test-001,363,2026-08-28T23:30:15Z,37.5716776,126.9768997,4.0,12.9,15.2,1.1,34.2
1.0,trip-ydp-gwanghwamun-001,iphone-test-001,364,2026-08-28T23:30:20Z,37.5717311,126.9769409,7.1,11.8,8.2,1.66,31.4
1.0,trip-ydp-gwanghwamun-001,iphone-test-001,365,2026-08-28T23:30:25Z,37.5717814,126.9769231,13.3,9.3,15.2,0.99,344.4
1.0,trip-ydp-gwanghwamun-001,iphone-test-001,366,2026-08-28T23:30:30Z,37.5717938,126.9769882,11.0,16.4,16.3,1.69,76.5
1.0,trip-ydp-gwanghwamun-001,iphone-test-001,367,2026-08-28T23:30:35Z,37.571858,126.9769746,9.5,18.5,14.3,1.03,350.5
1.0,trip-ydp-gwanghwamun-001,iphone-test-001,368,2026-08-28T23:30:40Z,37.5718913,126.9770071,6.3,21.1,21.5,1.63,37.8
1.0,trip-ydp-gwanghwamun-001,iphone-test-001,369,2026-08-28T23:30:45Z,37.5719493,126.9770286,4.9,16.3,8.9,0.99,16.4
1.0,trip-ydp-gwanghwamun-001,iphone-test-001,370,2026-08-28T23:30:50Z,37.5720061,126.9770389,12.8,9.0,9.6,1.06,8.1
1.0,trip-ydp-gwanghwamun-001,iphone-test-001,371,2026-08-28T23:30:55Z,37.5720463,126.9770555,9.2,9.7,10.9,1.3,18.1
1.0,trip-ydp-gwanghwamun-001,iphone-test-001,372,2026-08-28T23:31:00Z,37.5720857,126.9770845,13.3,17.4,21.4,1.01,30.3
1.0,trip-ydp-gwanghwamun-001,iphone-test-001,373,2026-08-28T23:31:05Z,37.5721173,126.9771169,5.1,15.0,13.4,1.62,39.1
1.0,trip-ydp-gwanghwamun-001,iphone-test-001,374,2026-08-28T23:31:10Z,37.5721581,126.9771237,10.7,9.9,15.7,1.39,7.5
1.0,trip-ydp-gwanghwamun-001,iphone-test-001,375,2026-08-28T23:31:15Z,37.5721965,126.9771623,10.5,10.0,15.8,0.77,38.5
1.0,trip-ydp-gwanghwamun-001,iphone-test-001,376,2026-08-28T23:31:20Z,37.5722484,126.9772043,13.9,23.5,10.4,0.73,32.7
1.0,trip-ydp-gwanghwamun-001,iphone-test-001,377,2026-08-28T23:31:25Z,37.5722742,126.9772642,12.2,9.3,16.5,0.87,61.5
1.0,trip-ydp-gwanghwamun-001,iphone-test-001,378,2026-08-28T23:31:30Z,37.5723097,126.9772689,9.4,21.6,11.9,1.37,6.0
1.0,trip-ydp-gwanghwamun-001,iphone-test-001,379,2026-08-28T23:31:35Z,37.5723733,126.9772997,10.3,12.5,19.8,1.03,21.0
1.0,trip-ydp-gwanghwamun-001,iphone-test-001,380,2026-08-28T23:31:40Z,37.5724012,126.977343,10.6,10.7,13.3,1.62,50.8
1.0,trip-ydp-gwanghwamun-001,iphone-test-001,381,2026-08-28T23:31:45Z,37.5724378,126.977362,6.6,23.8,9.0,1.29,22.5
1.0,trip-ydp-gwanghwamun-001,iphone-test-001,382,2026-08-28T23:31:50Z,37.5724631,126.9773798,11.5,18.1,20.1,0.73,29.1
1.0,trip-ydp-gwanghwamun-001,iphone-test-001,383,2026-08-28T23:31:55Z,37.5725019,126.9774208,12.7,10.7,16.2,0.76,40.0
1.0,trip-ydp-gwanghwamun-001,iphone-test-001,384,2026-08-28T23:32:00Z,37.5725703,126.9774621,11.0,17.3,14.3,1.36,25.6
1.0,trip-ydp-gwanghwamun-001,iphone-test-001,385,2026-08-28T23:32:05Z,37.5725928,126.9774753,7.1,18.0,10.7,1.44,24.9
1.0,trip-ydp-gwanghwamun-001,iphone-test-001,386,2026-08-28T23:32:10Z,37.5726447,126.9774907,9.3,20.5,21.2,1.54,13.2
1.0,trip-ydp-gwanghwamun-001,iphone-test-001,387,2026-08-28T23:32:15Z,37.5726652,126.9775248,7.2,13.0,17.8,0.71,52.8
1.0,trip-ydp-gwanghwamun-001,iphone-test-001,388,2026-08-28T23:32:20Z,37.5727255,126.9775504,10.1,15.1,17.2,0.71,18.7
1.0,trip-ydp-gwanghwamun-001,iphone-test-001,389,2026-08-28T23:32:25Z,37.5727498,126.9775961,6.2,16.9,18.5,1.13,56.1
1.0,trip-ydp-gwanghwamun-001,iphone-test-001,390,2026-08-28T23:32:30Z,37.5727978,126.977628,4.3,23.5,20.8,1.42,27.8
1.0,trip-ydp-gwanghwamun-001,iphone-test-001,391,2026-08-28T23:32:35Z,37.5728305,126.977644,5.6,18.7,10.7,1.59,21.3
1.0,trip-ydp-gwanghwamun-001,iphone-test-001,392,2026-08-28T23:32:40Z,37.572883,126.9776974,8.9,17.9,15.8,0.85,38.9
1.0,trip-ydp-gwanghwamun-001,iphone-test-001,393,2026-08-28T23:32:45Z,37.5728985,126.9777365,12.4,24.5,20.6,1.33,63.5
1.0,trip-ydp-gwanghwamun-001,iphone-test-001,394,2026-08-28T23:32:50Z,37.5729419,126.9777395,12.1,24.4,14.8,1.13,3.1
1.0,trip-ydp-gwanghwamun-001,iphone-test-001,395,2026-08-28T23:32:55Z,37.5729796,126.9777878,8.3,13.6,19.4,1.45,45.4
1.0,trip-ydp-gwanghwamun-001,iphone-test-001,396,2026-08-28T23:33:00Z,37.5730328,126.9778073,6.3,18.2,13.6,1.25,16.2
1.0,trip-ydp-gwanghwamun-001,iphone-test-001,397,2026-08-28T23:33:05Z,37.5730531,126.9778495,10.0,24.0,11.0,0.71,58.8
1.0,trip-ydp-gwanghwamun-001,iphone-test-001,398,2026-08-28T23:33:10Z,37.5731029,126.9778725,7.5,14.5,20.1,1.28,20.2
1.0,trip-ydp-gwanghwamun-001,iphone-test-001,399,2026-08-28T23:33:15Z,37.5731293,126.9779152,6.6,21.8,12.3,1.05,52.1
1.0,trip-ydp-gwanghwamun-001,iphone-test-001,400,2026-08-28T23:33:20Z,37.5731694,126.9779452,9.5,14.3,12.5,0.89,30.6
1.0,trip-ydp-gwanghwamun-001,iphone-test-001,401,2026-08-28T23:33:25Z,37.5732317,126.9779734,11.9,23.9,16.5,0.9,19.8
1.0,trip-ydp-gwanghwamun-001,iphone-test-001,402,2026-08-28T23:33:30Z,37.5732576,126.9779972,4.8,17.8,14.7,1.41,36.1
1.0,trip-ydp-gwanghwamun-001,iphone-test-001,403,2026-08-28T23:33:35Z,37.5732989,126.9780502,6.5,8.2,21.0,1.13,45.4
1.0,trip-ydp-gwanghwamun-001,iphone-test-001,404,2026-08-28T23:33:40Z,37.5733389,126.9781077,13.0,20.9,14.2,0.77,48.7
1.0,trip-ydp-gwanghwamun-001,iphone-test-001,405,2026-08-28T23:33:45Z,37.5733818,126.9781083,6.3,13.3,15.9,0.94,0.6
1.0,trip-ydp-gwanghwamun-001,iphone-test-001,406,2026-08-28T23:33:50Z,37.5734188,126.9781456,5.5,16.5,11.1,1.62,38.7
1.0,trip-ydp-gwanghwamun-001,iphone-test-001,407,2026-08-28T23:33:55Z,37.5734435,126.978184,13.2,20.8,21.6,0.86,51.0
1.0,trip-ydp-gwanghwamun-001,iphone-test-001,408,2026-08-28T23:34:00Z,37.5734819,126.9782274,5.7,23.0,14.0,1.24,41.9
1.0,trip-ydp-gwanghwamun-001,iphone-test-001,409,2026-08-28T23:34:05Z,37.5735191,126.9782554,5.7,12.6,18.3,1.28,30.8
1.0,trip-ydp-gwanghwamun-001,iphone-test-001,410,2026-08-28T23:34:10Z,37.5735466,126.9782829,12.1,8.1,18.5,1.36,38.5
1.0,trip-ydp-gwanghwamun-001,iphone-test-001,411,2026-08-28T23:34:15Z,37.5735927,126.9783017,10.8,10.8,11.7,1.67,17.9
1.0,trip-ydp-gwanghwamun-001,iphone-test-001,412,2026-08-28T23:34:20Z,37.5736282,126.9783501,11.5,8.9,19.4,1.6,47.2
1.0,trip-ydp-gwanghwamun-001,iphone-test-001,413,2026-08-28T23:34:25Z,37.5736418,126.9783853,13.9,13.6,14.8,1.32,64.1
1.0,trip-ydp-gwanghwamun-001,iphone-test-001,414,2026-08-28T23:34:30Z,37.5737125,126.9784083,14.0,19.7,19.6,1.03,14.5
1.0,trip-ydp-gwanghwamun-001,iphone-test-001,415,2026-08-28T23:34:35Z,37.5737431,126.9784561,7.2,10.7,18.2,1.14,51.0
1.0,trip-ydp-gwanghwamun-001,iphone-test-001,416,2026-08-28T23:34:40Z,37.5737809,126.9784708,8.4,10.4,11.9,0.88,17.2
1.0,trip-ydp-gwanghwamun-001,iphone-test-001,417,2026-08-28T23:34:45Z,37.5738237,126.9785286,5.3,11.4,10.9,1.31,46.9
1.0,trip-ydp-gwanghwamun-001,iphone-test-001,418,2026-08-28T23:34:50Z,37.5738858,126.9785539,13.5,16.2,12.4,1.15,17.9
1.0,trip-ydp-gwanghwamun-001,iphone-test-001,419,2026-08-28T23:34:55Z,37.5738908,126.9785956,5.3,13.2,7.7,1.11,81.4
1.0,trip-ydp-gwanghwamun-001,iphone-test-001,420,2026-08-28T23:35:00Z,37.5739175,126.9786192,8.7,17.2,9.4,0.91,35.0
1.0,trip-ydp-gwanghwamun-001,iphone-test-001,421,2026-08-28T23:35:05Z,37.5739724,126.9786662,6.2,11.4,9.3,0.75,34.2
1.0,trip-ydp-gwanghwamun-001,iphone-test-001,422,2026-08-28T23:35:10Z,37.574003,126.9786877,4.7,23.7,7.4,1.33,29.1
1.0,trip-ydp-gwanghwamun-001,iphone-test-001,423,2026-08-28T23:35:15Z,37.5740512,126.9787325,12.2,14.9,10.9,1.57,36.4
1.0,trip-ydp-gwanghwamun-001,iphone-test-001,424,2026-08-28T23:35:20Z,37.5740845,126.9787712,4.8,16.0,11.9,0.84,42.7
1.0,trip-ydp-gwanghwamun-001,iphone-test-001,425,2026-08-28T23:35:25Z,37.5741313,126.9788248,13.9,13.1,19.2,1.08,42.2
1.0,trip-ydp-gwanghwamun-001,iphone-test-001,426,2026-08-28T23:35:30Z,37.574178,126.9788153,9.4,14.7,10.7,0.74,350.8
1.0,trip-ydp-gwanghwamun-001,iphone-test-001,427,2026-08-28T23:35:35Z,37.5741822,126.9788612,10.5,10.0,14.7,0.83,83.3
1.0,trip-ydp-gwanghwamun-001,iphone-test-001,428,2026-08-28T23:35:40Z,37.5742321,126.9789049,6.7,11.0,12.2,1.13,34.8
1.0,trip-ydp-gwanghwamun-001,iphone-test-001,429,2026-08-28T23:35:45Z,37.5742935,126.9789225,10.5,9.1,18.0,0.54,12.8
1.0,trip-ydp-gwanghwamun-001,iphone-test-001,430,2026-08-28T23:35:50Z,37.5743051,126.9789637,5.4,16.4,17.3,0.49,70.4
1.0,trip-ydp-gwanghwamun-001,iphone-test-001,431,2026-08-28T23:35:55Z,37.5743397,126.9790296,12.3,10.9,16.1,0.03,56.5
1.0,trip-ydp-gwanghwamun-001,iphone-test-001,432,2026-08-28T23:36:00Z,37.5743465,126.9790055,6.5,11.5,14.2,0.3,289.7
