station_id,station_name,normalized_station_name,line,latitude,longitude,source
150,서울,서울,1,37.55315,126.972533,서울교통공사_1_8호선 역사 좌표(위경도) 정보_20250814.csv
151,시청,시청,1,37.56359,126.975407,서울교통공사_1_8호선 역사 좌표(위경도) 정보_20250814.csv
152,종각,종각,1,37.570203,126.983116,서울교통공사_1_8호선 역사 좌표(위경도) 정보_20250814.csv
153,종로3가,종로3가,1,37.570429,126.992095,서울교통공사_1_8호선 역사 좌표(위경도) 정보_20250814.csv
154,종로5가,종로5가,1,37.570971,127.0019,서울교통공사_1_8호선 역사 좌표(위경도) 정보_20250814.csv
155,동대문,동대문,1,37.57179,127.011383,서울교통공사_1_8호선 역사 좌표(위경도) 정보_20250814.csv
159,동묘앞,동묘앞,1,37.573265,127.016459,서울교통공사_1_8호선 역사 좌표(위경도) 정보_20250814.csv
156,신설동,신설동,1,37.576117,127.02471,서울교통공사_1_8호선 역사 좌표(위경도) 정보_20250814.csv
157,제기동,제기동,1,37.578116,127.034902,서울교통공사_1_8호선 역사 좌표(위경도) 정보_20250814.csv
158,청량리,청량리,1,37.580148,127.045063,서울교통공사_1_8호선 역사 좌표(위경도) 정보_20250814.csv
202,을지로입구,을지로입구,2,37.565998,126.982569,서울교통공사_1_8호선 역사 좌표(위경도) 정보_20250814.csv
203,을지로3가,을지로3가,2,37.566292,126.991773,서울교통공사_1_8호선 역사 좌표(위경도) 정보_20250814.csv
204,을지로4가,을지로4가,2,37.566611,126.998122,서울교통공사_1_8호선 역사 좌표(위경도) 정보_20250814.csv
205,동대문역사문화공원,동대문역사문화공원,2,37.565597,127.009113,서울교통공사_1_8호선 역사 좌표(위경도) 정보_20250814.csv
206,신당,신당,2,37.565681,127.019488,서울교통공사_1_8호선 역사 좌표(위경도) 정보_20250814.csv
207,상왕십리,상왕십리,2,37.564504,127.028872,서울교통공사_1_8호선 역사 좌표(위경도) 정보_20250814.csv
208,왕십리,왕십리,2,37.561159,127.035505,서울교통공사_1_8호선 역사 좌표(위경도) 정보_20250814.csv
209,한양대,한양대,2,37.55658,127.043504,서울교통공사_1_8호선 역사 좌표(위경도) 정보_20250814.csv
210,뚝섬,뚝섬,2,37.54718,127.047413,서울교통공사_1_8호선 역사 좌표(위경도) 정보_20250814.csv
211,성수,성수,2,37.544628,127.055983,서울교통공사_1_8호선 역사 좌표(위경도) 정보_20250814.csv
212,건대입구,건대입구,2,37.540408,127.069231,서울교통공사_1_8호선 역사 좌표(위경도) 정보_20250814.csv
213,구의,구의,2,37.536857,127.085024,서울교통공사_1_8호선 역사 좌표(위경도) 정보_20250814.csv
214,강변,강변,2,37.535161,127.094684,서울교통공사_1_8호선 역사 좌표(위경도) 정보_20250814.csv
215,잠실나루,잠실나루,2,37.520688,127.103836,서울교통공사_1_8호선 역사 좌표(위경도) 정보_20250814.csv
216,잠실,잠실,2,37.513305,127.100129,서울교통공사_1_8호선 역사 좌표(위경도) 정보_20250814.csv
217,잠실새내,잠실새내,2,37.520731,127.103738,서울교통공사_1_8호선 역사 좌표(위경도) 정보_20250814.csv
218,종합운동장,종합운동장,2,37.511008,127.073641,서울교통공사_1_8호선 역사 좌표(위경도) 정보_20250814.csv
219,삼성,삼성,2,37.508827,127.063203,서울교통공사_1_8호선 역사 좌표(위경도) 정보_20250814.csv
220,선릉,선릉,2,37.504257,127.048174,서울교통공사_1_8호선 역사 좌표(위경도) 정보_20250814.csv
221,역삼,역삼,2,37.500658,127.03643,서울교통공사_1_8호선 역사 좌표(위경도) 정보_20250814.csv
222,강남,강남,2,37.497958,127.027539,서울교통공사_1_8호선 역사 좌표(위경도) 정보_20250814.csv
223,교대,교대,2,37.493957,127.014631,서울교통공사_1_8호선 역사 좌표(위경도) 정보_20250814.csv
224,서초,서초,2,37.49191,127.007945,서울교통공사_1_8호선 역사 좌표(위경도) 정보_20250814.csv
225,방배,방배,2,37.481469,126.997627,서울교통공사_1_8호선 역사 좌표(위경도) 정보_20250814.csv
226,사당,사당,2,37.476536,126.981631,서울교통공사_1_8호선 역사 좌표(위경도) 정보_20250814.csv
227,낙성대,낙성대,2,37.47693,126.963783,서울교통공사_1_8호선 역사 좌표(위경도) 정보_20250814.csv
228,서울대입구,서울대입구,2,37.481233,126.952745,서울교통공사_1_8호선 역사 좌표(위경도) 정보_20250814.csv
229,봉천,봉천,2,37.482416,126.941896,서울교통공사_1_8호선 역사 좌표(위경도) 정보_20250814.csv
230,신림,신림,2,37.484216,126.929573,서울교통공사_1_8호선 역사 좌표(위경도) 정보_20250814.csv
231,신대방,신대방,2,37.487534,126.913279,서울교통공사_1_8호선 역사 좌표(위경도) 정보_20250814.csv
232,구로디지털단지,구로디지털단지,2,37.485005,126.902626,서울교통공사_1_8호선 역사 좌표(위경도) 정보_20250814.csv
233,대림,대림,2,37.492426,126.895293,서울교통공사_1_8호선 역사 좌표(위경도) 정보_20250814.csv
234,신도림,신도림,2,37.508815,126.891222,서울교통공사_1_8호선 역사 좌표(위경도) 정보_20250814.csv
235,문래,문래,2,37.517993,126.894766,서울교통공사_1_8호선 역사 좌표(위경도) 정보_20250814.csv
236,영등포구청,영등포구청,2,37.525766,126.896627,서울교통공사_1_8호선 역사 좌표(위경도) 정보_20250814.csv
237,당산,당산,2,37.533877,126.902011,서울교통공사_1_8호선 역사 좌표(위경도) 정보_20250814.csv
238,합정,합정,2,37.550025,126.914557,서울교통공사_1_8호선 역사 좌표(위경도) 정보_20250814.csv
239,홍대입구,홍대입구,2,37.556748,126.923643,서울교통공사_1_8호선 역사 좌표(위경도) 정보_20250814.csv
240,신촌,신촌,2,37.555153,126.93689,서울교통공사_1_8호선 역사 좌표(위경도) 정보_20250814.csv
241,이대,이대,2,37.556734,126.945897,서울교통공사_1_8호선 역사 좌표(위경도) 정보_20250814.csv
242,아현,아현,2,37.557407,126.956079,서울교통공사_1_8호선 역사 좌표(위경도) 정보_20250814.csv
243,충정로,충정로,2,37.559742,126.964455,서울교통공사_1_8호선 역사 좌표(위경도) 정보_20250814.csv
201,시청,시청,2,37.563534,126.975271,서울교통공사_1_8호선 역사 좌표(위경도) 정보_20250814.csv
246,신설동,신설동,2,37.574653,127.025158,서울교통공사_1_8호선 역사 좌표(위경도) 정보_20250814.csv
250,용두,용두,2,37.574012,127.03811,서울교통공사_1_8호선 역사 좌표(위경도) 정보_20250814.csv
245,신답,신답,2,37.56147,127.056348,서울교통공사_1_8호선 역사 좌표(위경도) 정보_20250814.csv
244,용답,용답,2,37.566412,126.977863,서울교통공사_1_8호선 역사 좌표(위경도) 정보_20250814.csv
247,도림천,도림천,2,37.514759,126.882586,서울교통공사_1_8호선 역사 좌표(위경도) 정보_20250814.csv
248,양천구청,양천구청,2,37.512194,126.865193,서울교통공사_1_8호선 역사 좌표(위경도) 정보_20250814.csv
249,신정네거리,신정네거리,2,37.520218,126.852849,서울교통공사_1_8호선 역사 좌표(위경도) 정보_20250814.csv
200,까치산,까치산,2,37.53181,126.846706,서울교통공사_1_8호선 역사 좌표(위경도) 정보_20250814.csv
309,지축,지축,3,37.648281,126.912551,서울교통공사_1_8호선 역사 좌표(위경도) 정보_20250814.csv
310,구파발,구파발,3,37.636612,126.918827,서울교통공사_1_8호선 역사 좌표(위경도) 정보_20250814.csv
311,연신내,연신내,3,37.618855,126.920859,서울교통공사_1_8호선 역사 좌표(위경도) 정보_20250814.csv
312,불광,불광,3,37.610554,126.929843,서울교통공사_1_8호선 역사 좌표(위경도) 정보_20250814.csv
313,녹번,녹번,3,37.600882,126.935758,서울교통공사_1_8호선 역사 좌표(위경도) 정보_20250814.csv
314,홍제,홍제,3,37.588851,126.944092,서울교통공사_1_8호선 역사 좌표(위경도) 정보_20250814.csv
315,무악재,무악재,3,37.582658,126.950131,서울교통공사_1_8호선 역사 좌표(위경도) 정보_20250814.csv
316,독립문,독립문,3,37.574534,126.957902,서울교통공사_1_8호선 역사 좌표(위경도) 정보_20250814.csv
317,경복궁,경복궁,3,37.575844,126.973576,서울교통공사_1_8호선 역사 좌표(위경도) 정보_20250814.csv
318,안국,안국,3,37.576562,126.98547,서울교통공사_1_8호선 역사 좌표(위경도) 정보_20250814.csv
319,종로3가,종로3가,3,37.571537,126.991237,서울교통공사_1_8호선 역사 좌표(위경도) 정보_20250814.csv
320,을지로3가,을지로3가,3,37.566299,126.992616,서울교통공사_1_8호선 역사 좌표(위경도) 정보_20250814.csv
321,충무로,충무로,3,37.561302,126.995473,서울교통공사_1_8호선 역사 좌표(위경도) 정보_20250814.csv
322,동대입구,동대입구,3,37.55816,127.005273,서울교통공사_1_8호선 역사 좌표(위경도) 정보_20250814.csv
323,약수,약수,3,37.554674,127.010628,서울교통공사_1_8호선 역사 좌표(위경도) 정보_20250814.csv
324,금호,금호,3,37.548269,127.015785,서울교통공사_1_8호선 역사 좌표(위경도) 정보_20250814.csv
325,옥수,옥수,3,37.541653,127.017303,서울교통공사_1_8호선 역사 좌표(위경도) 정보_20250814.csv
326,압구정,압구정,3,37.526169,127.028502,서울교통공사_1_8호선 역사 좌표(위경도) 정보_20250814.csv
327,신사,신사,3,37.516438,127.020247,서울교통공사_1_8호선 역사 좌표(위경도) 정보_20250814.csv
328,잠원,잠원,3,37.512989,127.011613,서울교통공사_1_8호선 역사 좌표(위경도) 정보_20250814.csv
329,고속터미널,고속터미널,3,37.504953,127.004916,서울교통공사_1_8호선 역사 좌표(위경도) 정보_20250814.csv
330,교대,교대,3,37.49306,127.013796,서울교통공사_1_8호선 역사 좌표(위경도) 정보_20250814.csv
331,남부터미널,남부터미널,3,37.48494,127.016289,서울교통공사_1_8호선 역사 좌표(위경도) 정보_20250814.csv
332,양재,양재,3,37.48466,127.03513,서울교통공사_1_8호선 역사 좌표(위경도) 정보_20250814.csv
333,매봉,매봉,3,37.487114,127.046907,서울교통공사_1_8호선 역사 좌표(위경도) 정보_20250814.csv
334,도곡,도곡,3,37.491129,127.055694,서울교통공사_1_8호선 역사 좌표(위경도) 정보_20250814.csv
335,대치,대치,3,37.494601,127.063449,서울교통공사_1_8호선 역사 좌표(위경도) 정보_20250814.csv
336,학여울,학여울,3,37.496757,127.070541,서울교통공사_1_8호선 역사 좌표(위경도) 정보_20250814.csv
337,대청,대청,3,37.493607,127.079526,서울교통공사_1_8호선 역사 좌표(위경도) 정보_20250814.csv
338,일원,일원,3,37.48389,127.08416,서울교통공사_1_8호선 역사 좌표(위경도) 정보_20250814.csv
339,수서,수서,3,37.487507,127.101324,서울교통공사_1_8호선 역사 좌표(위경도) 정보_20250814.csv
340,가락시장,가락시장,3,37.492368,127.118101,서울교통공사_1_8호선 역사 좌표(위경도) 정보_20250814.csv
341,경찰병원,경찰병원,3,37.495754,127.124198,서울교통공사_1_8호선 역사 좌표(위경도) 정보_20250814.csv
342,오금,오금,3,37.502288,127.128344,서울교통공사_1_8호선 역사 좌표(위경도) 정보_20250814.csv
409,당고개,당고개,4,37.66956,127.078404,서울교통공사_1_8호선 역사 좌표(위경도) 정보_20250814.csv
410,상계,상계,4,37.660576,127.073199,서울교통공사_1_8호선 역사 좌표(위경도) 정보_20250814.csv
411,노원,노원,4,37.656274,127.063183,서울교통공사_1_8호선 역사 좌표(위경도) 정보_20250814.csv
412,창동,창동,4,37.652993,127.046746,서울교통공사_1_8호선 역사 좌표(위경도) 정보_20250814.csv
413,쌍문,쌍문,4,37.648274,127.034381,서울교통공사_1_8호선 역사 좌표(위경도) 정보_20250814.csv
414,수유,수유,4,37.637127,127.024731,서울교통공사_1_8호선 역사 좌표(위경도) 정보_20250814.csv
415,미아,미아,4,37.626435,127.026151,서울교통공사_1_8호선 역사 좌표(위경도) 정보_20250814.csv
416,미아사거리,미아사거리,4,37.613276,127.030083,서울교통공사_1_8호선 역사 좌표(위경도) 정보_20250814.csv
417,길음,길음,4,37.604087,127.025353,서울교통공사_1_8호선 역사 좌표(위경도) 정보_20250814.csv
418,성신여대입구,성신여대입구,4,37.592782,127.017338,서울교통공사_1_8호선 역사 좌표(위경도) 정보_20250814.csv
419,한성대입구,한성대입구,4,37.58838,127.006751,서울교통공사_1_8호선 역사 좌표(위경도) 정보_20250814.csv
420,혜화,혜화,4,37.582116,127.001759,서울교통공사_1_8호선 역사 좌표(위경도) 정보_20250814.csv
421,동대문,동대문,4,37.5708397,127.009403,서울교통공사_1_8호선 역사 좌표(위경도) 정보_20250814.csv
422,동대문역사문화공원,동대문역사문화공원,4,37.565083,127.007645,서울교통공사_1_8호선 역사 좌표(위경도) 정보_20250814.csv
423,충무로,충무로,4,37.561302,126.995473,서울교통공사_1_8호선 역사 좌표(위경도) 정보_20250814.csv
424,명동,명동,4,37.561055,126.988271,서울교통공사_1_8호선 역사 좌표(위경도) 정보_20250814.csv
425,회현,회현,4,37.559698,126.979565,서울교통공사_1_8호선 역사 좌표(위경도) 정보_20250814.csv
426,서울,서울,4,37.553172,126.972836,서울교통공사_1_8호선 역사 좌표(위경도) 정보_20250814.csv
427,숙대입구,숙대입구,4,37.545124,126.971952,서울교통공사_1_8호선 역사 좌표(위경도) 정보_20250814.csv
428,삼각지,삼각지,4,37.535057,126.973354,서울교통공사_1_8호선 역사 좌표(위경도) 정보_20250814.csv
429,신용산,신용산,4,37.52919,126.96858,서울교통공사_1_8호선 역사 좌표(위경도) 정보_20250814.csv
430,이촌,이촌,4,37.522525,126.97335,서울교통공사_1_8호선 역사 좌표(위경도) 정보_20250814.csv
431,동작,동작,4,37.503567,126.980171,서울교통공사_1_8호선 역사 좌표(위경도) 정보_20250814.csv
432,총신대입구,총신대입구,4,37.487521,126.982309,서울교통공사_1_8호선 역사 좌표(위경도) 정보_20250814.csv
433,사당,사당,4,37.476563,126.981746,서울교통공사_1_8호선 역사 좌표(위경도) 정보_20250814.csv
434,남태령,남태령,4,37.464339,126.989081,서울교통공사_1_8호선 역사 좌표(위경도) 정보_20250814.csv
2511,방화,방화,5,37.577669,126.812822,서울교통공사_1_8호선 역사 좌표(위경도) 정보_20250814.csv
2512,개화산,개화산,5,37.572458,126.806838,서울교통공사_1_8호선 역사 좌표(위경도) 정보_20250814.csv
2513,김포공항,김포공항,5,37.56217,126.801273,서울교통공사_1_8호선 역사 좌표(위경도) 정보_20250814.csv
2514,송정,송정,5,37.561411,126.812052,서울교통공사_1_8호선 역사 좌표(위경도) 정보_20250814.csv
2515,마곡,마곡,5,37.562182,126.82693,서울교통공사_1_8호선 역사 좌표(위경도) 정보_20250814.csv
2516,발산,발산,5,37.562182,126.82693,서울교통공사_1_8호선 역사 좌표(위경도) 정보_20250814.csv
2517,우장산,우장산,5,37.548864,126.83633,서울교통공사_1_8호선 역사 좌표(위경도) 정보_20250814.csv
2518,화곡,화곡,5,37.541585,126.840436,서울교통공사_1_8호선 역사 좌표(위경도) 정보_20250814.csv
2519,까치산,까치산,5,37.53181,126.846706,서울교통공사_1_8호선 역사 좌표(위경도) 정보_20250814.csv
2520,신정,신정,5,37.525001,126.856176,서울교통공사_1_8호선 역사 좌표(위경도) 정보_20250814.csv
2521,목동,목동,5,37.526088,126.864296,서울교통공사_1_8호선 역사 좌표(위경도) 정보_20250814.csv
2522,오목교,오목교,5,37.524557,126.875049,서울교통공사_1_8호선 역사 좌표(위경도) 정보_20250814.csv
2523,양평,양평,5,37.525614,126.886177,서울교통공사_1_8호선 역사 좌표(위경도) 정보_20250814.csv
2524,영등포구청,영등포구청,5,37.524209,126.895022,서울교통공사_1_8호선 역사 좌표(위경도) 정보_20250814.csv
2525,영등포시장,영등포시장,5,37.52276,126.905143,서울교통공사_1_8호선 역사 좌표(위경도) 정보_20250814.csv
2526,신길,신길,5,37.51763,126.914886,서울교통공사_1_8호선 역사 좌표(위경도) 정보_20250814.csv
2527,여의도,여의도,5,37.521578,126.924318,서울교통공사_1_8호선 역사 좌표(위경도) 정보_20250814.csv
2528,여의나루,여의나루,5,37.527145,126.932807,서울교통공사_1_8호선 역사 좌표(위경도) 정보_20250814.csv
2529,마포,마포,5,37.539718,126.946043,서울교통공사_1_8호선 역사 좌표(위경도) 정보_20250814.csv
2530,공덕,공덕,5,37.544005,126.951058,서울교통공사_1_8호선 역사 좌표(위경도) 정보_20250814.csv
2531,애오개,애오개,5,37.553592,126.956733,서울교통공사_1_8호선 역사 좌표(위경도) 정보_20250814.csv
2532,충정로,충정로,5,37.560061,126.962783,서울교통공사_1_8호선 역사 좌표(위경도) 정보_20250814.csv
2533,서대문,서대문,5,37.565812,126.966639,서울교통공사_1_8호선 역사 좌표(위경도) 정보_20250814.csv
2534,광화문,광화문,5,37.570545,126.976568,서울교통공사_1_8호선 역사 좌표(위경도) 정보_20250814.csv
2535,종로3가,종로3가,5,37.572546,126.990447,서울교통공사_1_8호선 역사 좌표(위경도) 정보_20250814.csv
2536,을지로4가,을지로4가,5,37.56658,126.998127,서울교통공사_1_8호선 역사 좌표(위경도) 정보_20250814.csv
2537,동대문역사문화공원,동대문역사문화공원,5,37.564682,127.00533,서울교통공사_1_8호선 역사 좌표(위경도) 정보_20250814.csv
2538,청구,청구,5,37.560237,127.01379,서울교통공사_1_8호선 역사 좌표(위경도) 정보_20250814.csv
2539,신금호,신금호,5,37.554504,127.020403,서울교통공사_1_8호선 역사 좌표(위경도) 정보_20250814.csv
2540,행당,행당,5,37.557297,127.029482,서울교통공사_1_8호선 역사 좌표(위경도) 정보_20250814.csv
2541,왕십리,왕십리,5,37.56197,127.037264,서울교통공사_1_8호선 역사 좌표(위경도) 정보_20250814.csv
2542,마장,마장,5,37.566066,127.042921,서울교통공사_1_8호선 역사 좌표(위경도) 정보_20250814.csv
2543,답십리,답십리,5,37.566833,127.05266,서울교통공사_1_8호선 역사 좌표(위경도) 정보_20250814.csv
2544,장한평,장한평,5,37.561438,127.064601,서울교통공사_1_8호선 역사 좌표(위경도) 정보_20250814.csv
2545,군자,군자,5,37.557102,127.079559,서울교통공사_1_8호선 역사 좌표(위경도) 정보_20250814.csv
2546,아차산,아차산,5,37.552005,127.089609,서울교통공사_1_8호선 역사 좌표(위경도) 정보_20250814.csv
2547,광나루,광나루,5,37.545301,127.103478,서울교통공사_1_8호선 역사 좌표(위경도) 정보_20250814.csv
2548,천호,천호,5,37.538566,127.123539,서울교통공사_1_8호선 역사 좌표(위경도) 정보_20250814.csv
2549,강동,강동,5,37.53581,127.13249,서울교통공사_1_8호선 역사 좌표(위경도) 정보_20250814.csv
2550,길동,길동,5,37.538022,127.140085,서울교통공사_1_8호선 역사 좌표(위경도) 정보_20250814.csv
2551,굽은다리,굽은다리,5,37.545442,127.142844,서울교통공사_1_8호선 역사 좌표(위경도) 정보_20250814.csv
2552,명일,명일,5,37.551317,127.144002,서울교통공사_1_8호선 역사 좌표(위경도) 정보_20250814.csv
2553,고덕,고덕,5,37.555002,127.154214,서울교통공사_1_8호선 역사 좌표(위경도) 정보_20250814.csv
2554,상일동,상일동,5,37.556714,127.166381,서울교통공사_1_8호선 역사 좌표(위경도) 정보_20250814.csv
2555,둔촌동,둔촌동,5,37.527787,127.136219,서울교통공사_1_8호선 역사 좌표(위경도) 정보_20250814.csv
2556,올림픽공원,올림픽공원,5,37.516217,127.130957,서울교통공사_1_8호선 역사 좌표(위경도) 정보_20250814.csv
2557,방이,방이,5,37.508752,127.126054,서울교통공사_1_8호선 역사 좌표(위경도) 정보_20250814.csv
2558,오금,오금,5,37.502228,127.127701,서울교통공사_1_8호선 역사 좌표(위경도) 정보_20250814.csv
2559,개롱,개롱,5,37.498097,127.134817,서울교통공사_1_8호선 역사 좌표(위경도) 정보_20250814.csv
2560,거여,거여,5,37.493208,127.143983,서울교통공사_1_8호선 역사 좌표(위경도) 정보_20250814.csv
2561,마천,마천,5,37.494972,127.152784,서울교통공사_1_8호선 역사 좌표(위경도) 정보_20250814.csv
2562,강일,강일,5,37.557521,127.176018,서울교통공사_1_8호선 역사 좌표(위경도) 정보_20250814.csv
2563,미사,미사,5,37.56329,127.192954,서울교통공사_1_8호선 역사 좌표(위경도) 정보_20250814.csv
2564,하남풍산,하남풍산,5,37.552201,127.203897,서울교통공사_1_8호선 역사 좌표(위경도) 정보_20250814.csv
2565,하남시청,하남시청,5,37.541723,127.206901,서울교통공사_1_8호선 역사 좌표(위경도) 정보_20250814.csv
2566,하남검단산,하남검단산,5,37.539729,127.223427,서울교통공사_1_8호선 역사 좌표(위경도) 정보_20250814.csv
2611,응암,응암,6,37.59859,126.915583,서울교통공사_1_8호선 역사 좌표(위경도) 정보_20250814.csv
2612,역촌,역촌,6,37.60605,126.922764,서울교통공사_1_8호선 역사 좌표(위경도) 정보_20250814.csv
2613,불광,불광,6,37.610919,126.929504,서울교통공사_1_8호선 역사 좌표(위경도) 정보_20250814.csv
2614,독바위,독바위,6,37.618413,126.933035,서울교통공사_1_8호선 역사 좌표(위경도) 정보_20250814.csv
2616,연신내,연신내,6,37.618596,126.920519,서울교통공사_1_8호선 역사 좌표(위경도) 정보_20250814.csv
2617,구산,구산,6,37.611223,126.917246,서울교통공사_1_8호선 역사 좌표(위경도) 정보_20250814.csv
2618,새절,새절,6,37.591148,126.913613,서울교통공사_1_8호선 역사 좌표(위경도) 정보_20250814.csv
2619,증산,증산,6,37.583989,126.909785,서울교통공사_1_8호선 역사 좌표(위경도) 정보_20250814.csv
2620,디지털미디어시티,디지털미디어시티,6,37.577005,126.898643,서울교통공사_1_8호선 역사 좌표(위경도) 정보_20250814.csv
2621,월드컵경기장,월드컵경기장,6,37.569439,126.899077,서울교통공사_1_8호선 역사 좌표(위경도) 정보_20250814.csv
2622,마포구청,마포구청,6,37.563535,126.903326,서울교통공사_1_8호선 역사 좌표(위경도) 정보_20250814.csv
2623,망원,망원,6,37.556031,126.910129,서울교통공사_1_8호선 역사 좌표(위경도) 정보_20250814.csv
2624,합정,합정,6,37.549033,126.913546,서울교통공사_1_8호선 역사 좌표(위경도) 정보_20250814.csv
2625,상수,상수,6,37.547704,126.92292,서울교통공사_1_8호선 역사 좌표(위경도) 정보_20250814.csv
2626,광흥창,광흥창,6,37.547464,126.931971,서울교통공사_1_8호선 역사 좌표(위경도) 정보_20250814.csv
2627,대흥,대흥,6,37.547732,126.942214,서울교통공사_1_8호선 역사 좌표(위경도) 정보_20250814.csv
2628,공덕,공덕,6,37.543592,126.951664,서울교통공사_1_8호선 역사 좌표(위경도) 정보_20250814.csv
2629,효창공원앞,효창공원앞,6,37.539279,126.961348,서울교통공사_1_8호선 역사 좌표(위경도) 정보_20250814.csv
2630,삼각지,삼각지,6,37.535563,126.973996,서울교통공사_1_8호선 역사 좌표(위경도) 정보_20250814.csv
2631,녹사평,녹사평,6,37.53469,126.98665,서울교통공사_1_8호선 역사 좌표(위경도) 정보_20250814.csv
2632,이태원,이태원,6,37.534485,126.994369,서울교통공사_1_8호선 역사 좌표(위경도) 정보_20250814.csv
2633,한강진,한강진,6,37.53956,127.001729,서울교통공사_1_8호선 역사 좌표(위경도) 정보_20250814.csv
2634,버티고개,버티고개,6,37.547933,127.006948,서울교통공사_1_8호선 역사 좌표(위경도) 정보_20250814.csv
2635,약수,약수,6,37.554087,127.010237,서울교통공사_1_8호선 역사 좌표(위경도) 정보_20250814.csv
2636,청구,청구,6,37.560221,127.013776,서울교통공사_1_8호선 역사 좌표(위경도) 정보_20250814.csv
2637,신당,신당,6,37.566174,127.016158,서울교통공사_1_8호선 역사 좌표(위경도) 정보_20250814.csv
2638,동묘앞,동묘앞,6,37.572275,127.015666,서울교통공사_1_8호선 역사 좌표(위경도) 정보_20250814.csv
2639,창신,창신,6,37.579772,127.015246,서울교통공사_1_8호선 역사 좌표(위경도) 정보_20250814.csv
2640,보문,보문,6,37.585293,127.019377,서울교통공사_1_8호선 역사 좌표(위경도) 정보_20250814.csv
2641,안암,안암,6,37.586261,127.02903,서울교통공사_1_8호선 역사 좌표(위경도) 정보_20250814.csv
2642,고려대,고려대,6,37.59034,127.03626,서울교통공사_1_8호선 역사 좌표(위경도) 정보_20250814.csv
2643,월곡,월곡,6,37.60192,127.041492,서울교통공사_1_8호선 역사 좌표(위경도) 정보_20250814.csv
2644,상월곡,상월곡,6,37.606392,127.048509,서울교통공사_1_8호선 역사 좌표(위경도) 정보_20250814.csv
2645,돌곶이,돌곶이,6,37.610522,127.056419,서울교통공사_1_8호선 역사 좌표(위경도) 정보_20250814.csv
2646,석계,석계,6,37.614937,127.065922,서울교통공사_1_8호선 역사 좌표(위경도) 정보_20250814.csv
2647,태릉입구,태릉입구,6,37.617319,127.074741,서울교통공사_1_8호선 역사 좌표(위경도) 정보_20250814.csv
2648,화랑대,화랑대,6,37.619875,127.084106,서울교통공사_1_8호선 역사 좌표(위경도) 정보_20250814.csv
2615,봉화산,봉화산,6,37.617293,127.091375,서울교통공사_1_8호선 역사 좌표(위경도) 정보_20250814.csv
2649,신내,신내,6,37.612571,127.104326,서울교통공사_1_8호선 역사 좌표(위경도) 정보_20250814.csv
2711,장암,장암,7,37.70015,127.053126,서울교통공사_1_8호선 역사 좌표(위경도) 정보_20250814.csv
2712,도봉산,도봉산,7,37.689131,127.046548,서울교통공사_1_8호선 역사 좌표(위경도) 정보_20250814.csv
2713,수락산,수락산,7,37.677804,127.055314,서울교통공사_1_8호선 역사 좌표(위경도) 정보_20250814.csv
2714,마들,마들,7,37.664985,127.057701,서울교통공사_1_8호선 역사 좌표(위경도) 정보_20250814.csv
2715,노원,노원,7,37.654478,127.060555,서울교통공사_1_8호선 역사 좌표(위경도) 정보_20250814.csv
2716,중계,중계,7,37.645052,127.064084,서울교통공사_1_8호선 역사 좌표(위경도) 정보_20250814.csv
2717,하계,하계,7,37.636363,127.067999,서울교통공사_1_8호선 역사 좌표(위경도) 정보_20250814.csv
2718,공릉,공릉,7,37.625642,127.072969,서울교통공사_1_8호선 역사 좌표(위경도) 정보_20250814.csv
2719,태릉입구,태릉입구,7,37.617319,127.074741,서울교통공사_1_8호선 역사 좌표(위경도) 정보_20250814.csv
2720,먹골,먹골,7,37.610638,127.077719,서울교통공사_1_8호선 역사 좌표(위경도) 정보_20250814.csv
2721,중화,중화,7,37.602604,127.079254,서울교통공사_1_8호선 역사 좌표(위경도) 정보_20250814.csv
2722,상봉,상봉,7,37.595673,127.085708,서울교통공사_1_8호선 역사 좌표(위경도) 정보_20250814.csv
2723,면목,면목,7,37.588671,127.087503,서울교통공사_1_8호선 역사 좌표(위경도) 정보_20250814.csv
2724,사가정,사가정,7,37.580912,127.088502,서울교통공사_1_8호선 역사 좌표(위경도) 정보_20250814.csv
2725,용마산,용마산,7,37.573752,127.086802,서울교통공사_1_8호선 역사 좌표(위경도) 정보_20250814.csv
2726,중곡,중곡,7,37.565877,127.084291,서울교통공사_1_8호선 역사 좌표(위경도) 정보_20250814.csv
2727,군자,군자,7,37.557151,127.079484,서울교통공사_1_8호선 역사 좌표(위경도) 정보_20250814.csv
2728,어린이대공원,어린이대공원,7,37.547962,127.07465,서울교통공사_1_8호선 역사 좌표(위경도) 정보_20250814.csv
2729,건대입구,건대입구,7,37.540882,127.071103,서울교통공사_1_8호선 역사 좌표(위경도) 정보_20250814.csv
2730,뚝섬유원지,뚝섬유원지,7,37.531558,127.066714,서울교통공사_1_8호선 역사 좌표(위경도) 정보_20250814.csv
2731,청담,청담,7,37.519097,127.051851,서울교통공사_1_8호선 역사 좌표(위경도) 정보_20250814.csv
2732,강남구청,강남구청,7,37.517185,127.04122,서울교통공사_1_8호선 역사 좌표(위경도) 정보_20250814.csv
2733,학동,학동,7,37.514262,127.031738,서울교통공사_1_8호선 역사 좌표(위경도) 정보_20250814.csv
2734,논현,논현,7,37.511108,127.021385,서울교통공사_1_8호선 역사 좌표(위경도) 정보_20250814.csv
2735,반포,반포,7,37.508171,127.011717,서울교통공사_1_8호선 역사 좌표(위경도) 정보_20250814.csv
2736,고속터미널,고속터미널,7,37.503387,127.005055,서울교통공사_1_8호선 역사 좌표(위경도) 정보_20250814.csv
2737,내방,내방,7,37.48764,126.993541,서울교통공사_1_8호선 역사 좌표(위경도) 정보_20250814.csv
2738,총신대입구,총신대입구,7,37.485258,126.981766,서울교통공사_1_8호선 역사 좌표(위경도) 정보_20250814.csv
2739,남성,남성,7,37.484688,126.971108,서울교통공사_1_8호선 역사 좌표(위경도) 정보_20250814.csv
2740,숭실대입구,숭실대입구,7,37.496258,126.953649,서울교통공사_1_8호선 역사 좌표(위경도) 정보_20250814.csv
2741,상도,상도,7,37.50279,126.947949,서울교통공사_1_8호선 역사 좌표(위경도) 정보_20250814.csv
2742,장승배기,장승배기,7,37.504845,126.939025,서울교통공사_1_8호선 역사 좌표(위경도) 정보_20250814.csv
2743,신대방삼거리,신대방삼거리,7,37.499717,126.928218,서울교통공사_1_8호선 역사 좌표(위경도) 정보_20250814.csv
2744,보라매,보라매,7,37.499916,126.920112,서울교통공사_1_8호선 역사 좌표(위경도) 정보_20250814.csv
2745,신풍,신풍,7,37.500107,126.909806,서울교통공사_1_8호선 역사 좌표(위경도) 정보_20250814.csv
2746,대림,대림,7,37.492984,126.896997,서울교통공사_1_8호선 역사 좌표(위경도) 정보_20250814.csv
2747,남구로,남구로,7,37.486181,126.887372,서울교통공사_1_8호선 역사 좌표(위경도) 정보_20250814.csv
2748,가산디지털단지,가산디지털단지,7,37.480376,126.882704,서울교통공사_1_8호선 역사 좌표(위경도) 정보_20250814.csv
2749,철산,철산,7,37.47616,126.868217,서울교통공사_1_8호선 역사 좌표(위경도) 정보_20250814.csv
2750,광명사거리,광명사거리,7,37.47927,126.854854,서울교통공사_1_8호선 역사 좌표(위경도) 정보_20250814.csv
2751,천왕,천왕,7,37.486699,126.838684,서울교통공사_1_8호선 역사 좌표(위경도) 정보_20250814.csv
2752,온수,온수,7,37.492059,126.823294,서울교통공사_1_8호선 역사 좌표(위경도) 정보_20250814.csv
2811,암사,암사,8,37.550127,127.127521,서울교통공사_1_8호선 역사 좌표(위경도) 정보_20250814.csv
2812,천호,천호,8,37.53792,127.123179,서울교통공사_1_8호선 역사 좌표(위경도) 정보_20250814.csv
2813,강동구청,강동구청,8,37.530348,127.120461,서울교통공사_1_8호선 역사 좌표(위경도) 정보_20250814.csv
2814,몽촌토성,몽촌토성,8,37.517692,127.11274,서울교통공사_1_8호선 역사 좌표(위경도) 정보_20250814.csv
2815,잠실,잠실,8,37.514649,127.104267,서울교통공사_1_8호선 역사 좌표(위경도) 정보_20250814.csv
2816,석촌,석촌,8,37.505396,127.106995,서울교통공사_1_8호선 역사 좌표(위경도) 정보_20250814.csv
2817,송파,송파,8,37.49978,127.11212,서울교통공사_1_8호선 역사 좌표(위경도) 정보_20250814.csv
2818,가락시장,가락시장,8,37.493004,127.118279,서울교통공사_1_8호선 역사 좌표(위경도) 정보_20250814.csv
2819,문정,문정,8,37.485931,127.122473,서울교통공사_1_8호선 역사 좌표(위경도) 정보_20250814.csv
2820,장지,장지,8,37.478609,127.126229,서울교통공사_1_8호선 역사 좌표(위경도) 정보_20250814.csv
2821,복정,복정,8,37.471016,127.126746,서울교통공사_1_8호선 역사 좌표(위경도) 정보_20250814.csv
2828,남위례,남위례,8,37.462839,127.139047,서울교통공사_1_8호선 역사 좌표(위경도) 정보_20250814.csv
2822,산성,산성,8,37.456886,127.149927,서울교통공사_1_8호선 역사 좌표(위경도) 정보_20250814.csv
2823,남한산성입구,남한산성입구,8,37.451568,127.159845,서울교통공사_1_8호선 역사 좌표(위경도) 정보_20250814.csv
2824,단대오거리,단대오거리,8,37.445057,127.156735,서울교통공사_1_8호선 역사 좌표(위경도) 정보_20250814.csv
2825,신흥,신흥,8,37.440952,127.14759,서울교통공사_1_8호선 역사 좌표(위경도) 정보_20250814.csv
2826,수진,수진,8,37.437575,127.140936,서울교통공사_1_8호선 역사 좌표(위경도) 정보_20250814.csv
2827,모란,모란,8,37.433888,127.129921,서울교통공사_1_8호선 역사 좌표(위경도) 정보_20250814.csv
